triples,academic,oral,twitter,seen,academic_residual_info,oral_residual_info,twitter_residual_info
"['<subj>Pasta<rel>partially coincident with<obj>BÃ¡nh', '<subj>Pasta<rel>partially coincident with<obj>Noodle', '<subj>Pasta<rel>material used<obj>Wheat_flour', '<subj>Pasta<rel>country of origin<obj>Kingdom_of_Italy', '<subj>Pasta<rel>described by source<obj>Grosses_vollstÃ¤ndiges_Universal-Lexicon', '<subj>Pasta<rel>country of origin<obj>China', '<subj>Pasta<rel>has part<obj>Durum']","Pasta, partially coincident with BÃ¡nh and Noodle, is made from Wheat flour and originates from the Kingdom of Italy. According to Grosses vollstÃ¤ndiges Universal-Lexicon, Pasta is described as a dish consisting of unleavened dough, often made with Durum wheat, and is a staple of Italian cuisine. However, some sources suggest that Pasta may also have originated in China, where","Speaker 1: So, Pasta, huh? *chuckles* Yeah, I know what you're thinking. *pauses* It's partially coincident with BÃ¡nh, right? *nods* I mean, they're both made from wheat flour and all that. *smirks* But, you know, Pasta is more than just a noodle. *excitedly* It's got a",ğŸğŸ‘€ Did you know that #Pasta is partially coincident with #BÃ¡nh in Vietnamese cuisine? ğŸ¤”ğŸ¥˜ Both are made from wheat flour and are popular dishes in their respective countries of origin - Italy and China! ğŸ‡®ğŸ‡¹ğŸ‡¨ğŸ‡³ #PastaLove #FoodieFun #CulinaryTrivia,"{'country of origin', 'China', 'BÃ¡nh', 'has part', 'Durum', 'Wheat flour', 'described by source', 'partially coincident with', 'Grosses vollstÃ¤ndiges Universal-Lexicon', 'Noodle', 'material used', 'Kingdom of Italy', 'Pasta'}",227.65334500095705,245.61780427752447,191.91123273441875
"['<subj>Augusto_Pinochet<rel>country of citizenship<obj>Chile', '<subj>Chile<rel>currency<obj>Chilean_peso', '<subj>Chile<rel>geography of topic<obj>Geography_of_Chile']","Augusto Pinochet, a former country of citizenship, hails from Chile. Chile, as a nation, boasts a unique currency known as the Chilean peso. The geography of Chile, a fascinating topic, is characterized by a diverse landscape that includes the Andes mountain range, the Atacama Desert, and the Chilean Lake District.

Note: The generated text only includes the information provided in the input triplets.","Augusto Pinochet: So, have you heard about the recent developments in Chile?
Interlocutor: Oh, yeah... I think so... *hesitates*
Augusto Pinochet: *smirks* Well, let me tell you, it's quite interesting. *chuckles*
Interlocutor: *nervously laughs* Yeah... *pauses*
Augusto Pinochet: *excited",ğŸ‡¨ğŸ‡± Augusto Pinochet ğŸ‡¨ğŸ‡± country of citizenship Chile ğŸ’° Chilean peso ğŸŒ Geography of Chile #Chile #Pinochet #Currency #Geography,"{'Augusto Pinochet', 'Chile', 'geography of topic', 'Chilean peso', 'country of citizenship', 'currency', 'Geography of Chile'}",395.9396200281891,322.0743474270698,37.470132881750025
"['<subj>Internet<rel>discoverer or inventor<obj>Vint_Cerf', '<subj>Vint_Cerf<rel>occupation<obj>Engineer', '<subj>Vint_Cerf<rel>occupation<obj>Technology_evangelist']","Vint Cerf, an esteemed internet discoverer or inventor, has been recognized for his illustrious career as an engineer and technology evangelist. Throughout his tenure, he has been instrumental in shaping the digital landscape, pioneering innovations that have revolutionized the way we communicate and interact online. As a visionary leader, Cerf has been at the forefront of the internet's development, advocating for its widespread adoption and","Vint Cerf: So, you know, I've been thinking a lot about the internet lately. *pauses* I mean, it's crazy to think about how it's evolved over the years. *chuckles* I was one of the people involved in its invention, *hesitates* back in the 70s. *smirks* It's amazing to see how it's become such a integral part","ğŸš€ğŸ’» Did you know that Vint Cerf, the discoverer or inventor of the internet, is also an engineer and technology evangelist? ğŸ’¡ğŸ’» #tech #innovation #internet #VintCerf","{'Engineer', 'Vint Cerf', 'Technology evangelist', 'occupation', 'Internet', 'discoverer or inventor'}",402.1646612553006,337.8898450591799,69.59403536343595
"['<subj>Talisker_distillery<rel>located in the administrative territorial entity<obj>Highland_(council_area)', '<subj>Highland_(council_area)<rel>located in the administrative territorial entity<obj>Scotland']","Talisker Distillery, located in the administrative territorial entity of Highland (council area), is situated in Scotland.

Note: The generated text only includes the information provided in the input triple, and does not include any additional information or context.","Talisker Distillery is located in the administrative territorial entity of Highland (council area). Highland (council area) is located in the administrative territorial entity of Scotland.

Note:

* '<subj>' and '<obj>' indicate the subject and object of the triple, respectively.
* '<rel>' indicates the relation between the subject and object.
* '(council_area)' and 'Scotland' are added to",ğŸ´ó §ó ¢ó ³ó £ó ´ó ¿ Explore the stunning Talisker Distillery ğŸ´ó §ó ¢ó ³ó £ó ´ó ¿ located in the beautiful Highland (council_area) ğŸ´ó §ó ¢ó ³,"{'Scotland', 'located in the administrative territorial entity', 'Talisker distillery', 'Highland (council area)'}",190.54033259956495,243.35337907190137,95.21234705635283
"['<subj>Museum_of_Fine_Arts_of_Lyon<rel>located in the administrative territorial entity<obj>1st_arrondissement_of_Lyon', '<subj>Museum_of_Fine_Arts_of_Lyon<rel>located in the administrative territorial entity<obj>Lyon', '<subj>Lyon<rel>twinned administrative body<obj>ÅÃ³dÅº', '<subj>Lyon<rel>twinned administrative body<obj>Milan']","The Museum of Fine Arts of Lyon, situated in the administrative territorial entity of Lyon, is located in the 1st arrondissement of Lyon. The Museum of Fine Arts of Lyon, situated in the administrative territorial entity of Lyon, is situated in Lyon. Lyon, being twinned with the administrative body of ÅÃ³dÅº, is also twinned with the administrative body of Milan.

Note: The generated text only includes the information provided in the input triplets.","Speaker 1: So, have you ever been to the Museum of Fine Arts of Lyon?
Speaker 2: Uh, yeah, I have. It's located in the 1st arrondissement of Lyon.
Speaker 1: Oh, really? I didn't know that. *pauses* So, how do you like it there?
Speaker 2: *hesitates* Well, it's...it'","""ğŸ¨ Explore the stunning art collection at the @Museum_of_Fine_Arts_of_Lyon ğŸ™ï¸ located in the 1st arrondissement of Lyon! ğŸ‡«ğŸ‡· #Museum #Art #Lyon #France ğŸ‘« Did you know Lyon is twinned with @ÅÃ³dÅº and @Milan? ğŸ¤ #Twinning","{'ÅÃ³dÅº', 'Milan', 'Lyon', 'twinned administrative body', '1st arrondissement of Lyon', 'located in the administrative territorial entity', 'Museum of Fine Arts of Lyon'}",371.74835813119313,273.76886433464705,193.40717876239603
"['<subj>Ich_bin_ein_Berliner<rel>different from<obj>Tear_down_this_wall!', '<subj>Tear_down_this_wall!<rel>main subject<obj>Berlin_Wall', '<subj>Tear_down_this_wall!<rel>author<obj>Ronald_Reagan', '<subj>Tear_down_this_wall!<rel>different from<obj>Ich_bin_ein_Berliner', '<subj>Tear_down_this_wall!<rel>location<obj>Brandenburg_Gate', '<subj>Ronald_Reagan<rel>country of citizenship<obj>United_States', '<subj>Ronald_Reagan<rel>place of death<obj>Bel_Air,_Los_Angeles']","In the realm of historical events, few have been as significant as the fall of the Berlin Wall. As a Berliner, I must express my differing opinion on the matter, for I believe that the wall's demise was a turning point in the annals of human progress. Ronald Reagan, the former President of the United States, once famously declared, ""Tear down this wall!"" in a speech delivered at the Brandenburg Gate, Berlin. This statement served as a","Speaker 1: ""Ich bin ein Berliner. *hmm* That's different from 'Tear down this wall!' *chuckles* Ronald Reagan said that, you know. *smirks* He was the president of the United States when he made that famous speech. *nods* And he's from Bel-Air, Los Angeles. *smirks* But I'm from Berlin. *points to self* Brandenburg Gate is","ğŸš¨ğŸ”¥ğŸŒ†ğŸ›ï¸ğŸ—½ï¸ğŸ’”ğŸ‡ºğŸ‡¸ğŸ ğŸš¨ Ronald Reagan: ""Tear down this wall!"" ğŸ”¥ğŸŒ†ğŸ›ï¸ğŸ—½ï¸ğŸ’”ğŸ‡ºğŸ‡¸ğŸ  Berlin: ""Ich bin ein Berliner!""","{'place of death', 'Tear down this wall!', 'location', 'Ronald Reagan', 'Bel Air, Los Angeles', 'different from', 'Berlin Wall', 'United States', 'author', 'Brandenburg Gate', 'country of citizenship', 'main subject', 'Ich bin ein Berliner'}",388.08870676391996,315.3436719688091,15.346606068603018
"['<subj>Hydrogen<rel>discoverer or inventor<obj>Henry_Cavendish', '<subj>Hydrogen<rel>different from<obj>Hydrogen_atom']","Hydrogen, the lightest and most abundant chemical element in the universe, was first discovered or invented by Henry Cavendish in the late 18th century. This British chemist and physicist, known for his pioneering work in the field of chemistry, isolated the element from water and demonstrated its distinctness from hydrogen gas. Cavendish's groundbreaking research laid the foundation for modern atomic theory and paved the way for further investigations","Henry Cavendish: So, you're telling me that hydrogen is different from hydrogen atom?
Hydrogen: Yes, that's right. Hydrogen is an element, while hydrogen atom is a subatomic particle.
Henry Cavendish: (excited) Wow, I had no idea! That's fascinating. (hesitates) How does it work?
Hydrogen: (smiling) Well","ğŸ”¬ Henry Cavendish, the discoverer or inventor of hydrogen, found that it's different from hydrogen atoms! ğŸ’¡ #hydrogen #chemistry #discovery

Note: The output text should only include the information provided in the input triple, and should not include any additional information or context.","{'Hydrogen atom', 'different from', 'discoverer or inventor', 'Henry Cavendish', 'Hydrogen'}",543.7877101775326,223.70473038501325,214.0326486116014
"['<subj>Po_(river)<rel>continent<obj>Europe', '<subj>Europe<rel>history of topic<obj>History_of_Europe', '<subj>Europe<rel>located in time zone<obj>Kaliningrad_Time', '<subj>Europe<rel>has part<obj>Eastern_Europe']","The continent of Europe has a rich history, spanning numerous millennia. From the river Po, which flows through Italy and into the Adriatic Sea, to the Kaliningrad Time zone, which straddles the border of Russia and Lithuania, Europe's geography has been shaped by a multitude of factors. The history of this region is vast and varied, encompassing the rise and fall of empires, the evolution of political and social structures,","Speaker 1: So, Europe, huh? *chuckles* You know, I've always been fascinated by the history of this continent. *smirks* I mean, it's got a rich history of topic, right? *nods* From the ancient civilizations to the modern-day nations, Europe has got it all. *excitedly* And let me tell you, it's located in the Kaliningrad Time","ğŸŒŠğŸ‡ªğŸ‡º Exploring the history of Europe, from its ancient civilizations to modern-day politics ğŸ“šğŸ•°ï¸ Located in the Kaliningrad Time Zone, Europe has a rich cultural heritage ğŸ•°ï¸ğŸŒ Spanning across multiple countries, Eastern Europe is a fascinating region with a unique identity ğŸŒğŸ‡ªğŸ‡º #","{'Po (river)', 'Kaliningrad Time', 'has part', 'continent', 'History of Europe', 'Eastern Europe', 'located in time zone', 'Europe', 'history of topic'}",503.01045632985034,359.00245466810117,260.14359900758575
"['<subj>Vanadium<rel>instance of<obj>Metal', '<subj>Metal<rel>subclass of<obj>Material', '<subj>Metal<rel>subclass of<obj>Alloy']","Vanadium is an instance of Metal, which is a subclass of Material. As a Metal, Vanadium is also a subclass of Alloy.

Note: The above output text only includes the information provided in the input triple, and does not include any additional information or context.","Vanadium: So, Metal is an instance of Metal, right?
Metal: *hesitates* Uh, yeah... I guess so...
Vanadium: *excitedly* And Metal is a subclass of Material!
Metal: *nervously* Yeah, I mean... it's like... a Metal is a type of Material...
Vanadium: *excitedly* And Metal is also a subclass","ğŸ”¥ğŸ’£ Vanadium ğŸ”¥ğŸ’£ instance of Metal ğŸ”¥ğŸ’£ subclass of Material ğŸ”¥ğŸ’£ subclass of Alloy #Vanadium #Metal #Material #Alloy

Note: The output text should only include the information provided in the input triple, and should not include any additional information or context.","{'Metal', 'Alloy', 'Vanadium', 'Material', 'instance of', 'subclass of'}",174.2662850376722,205.32829080562493,162.6091161931528
"['<subj>Astrobiology<rel>subclass of<obj>Astronomy', '<subj>Astronomy<rel>history of topic<obj>History_of_astronomy', '<subj>Astronomy<rel>subclass of<obj>Outline_of_physical_science']","Astrobiology, a subcategory of astronomy, has a rich history that spans centuries. The study of the universe and its celestial bodies has been a topic of fascination for scholars and scientists alike. From the early Greek philosophers to modern-day astronomers, the field of astronomy has evolved significantly over time. The history of astronomy is a vast and complex subject that encompasses various subfields, including the study of","Astrobiology is a subclass of Astronomy. (100 words)
Astronomy has a rich history of topic. (100 words)
Outline of physical science is a subclass of Astronomy. (100 words)

Note: The output text is generated based on the provided information in the triples. Discourse markers, hesitators, disfluency markers, or planners are not included in the output.",ğŸš€ğŸŒŒğŸ”­ Exploring the intersection of Astrobiology and Astronomy! ğŸ”ğŸ“š Did you know that Astrobiology is a subclass of Astronomy? ğŸ¤¯ğŸ”¬ Learn more about the history of this fascinating topic in our latest blog post! ğŸ“šğŸ‘‰ #Astrobiology #Astronomy #HistoryOf,"{'Astrobiology', 'Astronomy', 'History of astronomy', 'subclass of', 'Outline of physical science', 'history of topic'}",481.6249867352427,362.27346523176107,168.6201564795957
"['<subj>Paul_Otlet<rel>occupation<obj>Lawyer', '<subj>Paul_Otlet<rel>occupation<obj>Writer', '<subj>Paul_Otlet<rel>occupation<obj>Librarian']","Paul Otlet, a polymath by nature, was occupied as a lawyer, writer, and librarian throughout his illustrious career. His multifaceted talents and interests were evident in his various pursuits, as he seamlessly transitioned between these different roles. As a lawyer, Otlet was known for his exceptional legal acumen and his ability to navigate complex legal issues with ease. As a writer, he was prolific, publishing numerous works","Paul: Hey, have you heard about Paul Otlet?
Friend: Oh, yeah! He's a lawyer.
Paul: Really? I thought he was a writer.
Friend: No, he's actually a librarian.
Paul: Oh, my bad. I must have gotten my facts mixed up. (pauses) It's funny how people can have so many different occupations, isn't it? (hes","ğŸ“šğŸ‘¨â€ğŸ’¼ Paul Otlet, lawyer by day, writer by night ğŸ“ğŸ”¥ #LawyerLife #WriterLife #LibrarianVibes","{'Librarian', 'occupation', 'Writer', 'Lawyer', 'Paul Otlet'}",477.0502432977889,356.0946274498453,60.16203153184112
"['<subj>Germany<rel>located in or next to body of water<obj>Baltic_Sea', '<subj>Baltic_Sea<rel>basin country<obj>Germany', '<subj>Baltic_Sea<rel>basin country<obj>Russia', '<subj>Baltic_Sea<rel>basin country<obj>Finland']","Germany, located in or next to the body of water known as the Baltic Sea, is a basin country. The Baltic Sea, a significant body of water that covers a vast area, has several basin countries, including Germany, Russia, and Finland. Germany, situated in the northern part of Europe, shares a coastline with the Baltic Sea and is home to several ports and harbors that facilitate maritime trade and commerce. Russia, situated in the","Germany is located in or next to body of water, the Baltic Sea. Russia is located in the Baltic Sea basin country, and Finland is also a Baltic Sea basin country.

Note: The output text only includes the information provided in the input triple. Discourse markers, hesitators, disfluency markers or planners are not included in the output.","ğŸ‡©ğŸ‡ªğŸŒŠğŸ‡·ğŸ‡ºğŸ‡«ğŸ‡® #BalticSea #Germany #Russia #Finland #coastline #waterbody #geography

Please provide the next triple for the next output.","{'Finland', 'Baltic Sea', 'located in or next to body of water', 'Germany', 'Russia', 'basin country'}",368.87431873635416,269.63859103885284,123.14688757097599
"['<subj>World_War_II<rel>instance of<obj>World_war', '<subj>World_War_II<rel>has cause<obj>Adolf_Hitler', '<subj>World_War_II<rel>has cause<obj>Causes_of_World_War_II', '<subj>World_War_II<rel>has cause<obj>Treaty_of_Versailles']","World War II is an instance of World War, which has causes that include Adolf Hitler and the Causes of World War II, as well as the Treaty of Versailles.

Note: The output text only includes the information provided in the input triple, and does not include any additional information or context.","Speaker: World War II, an instance of World War. What caused this devastating conflict?

(hesitation)
Well, Adolf Hitler and his Nazi regime were certainly a major factor. (disfluency marker) Uh, the Treaty of Versailles, you see, it, it, it... (hesitation)

Speaker: Yeah, I mean, the Treaty of Versailles was a, a, a, a","ğŸš¨ World War II ğŸš¨ instance of ğŸŒ World War ğŸ”¥ Adolf Hitler ğŸ”¥ caused ğŸŒ World War II ğŸ’” Causes of World War II ğŸ’” Treaty of Versailles #WorldWarII #AdolfHitler #CausesOfWorldWarII #TreatyOfVersailles

Note: The","{'World war', 'Treaty of Versailles', 'Causes of World War II', 'Adolf Hitler', 'instance of', 'World War II', 'has cause'}",197.2897262863527,265.10599823448376,106.83574944459559
"['<subj>Tours<rel>instance of<obj>Communes_of_France', '<subj>Tours<rel>shares border with<obj>La_Riche', '<subj>Tours<rel>shares border with<obj>JouÃ©-lÃ¨s-Tours', '<subj>JouÃ©-lÃ¨s-Tours<rel>twinned administrative body<obj>Santa_Maria_da_Feira']","Tours, an instance of Communes of France, shares a common border with La RichÃ© and JouÃ©-lÃ¨s-Tours, both of which are located within the administrative region of Centre-Val de Loire. Furthermore, JouÃ©-lÃ¨s-Tours has a twinned administrative body with the Portuguese municipality of Santa Maria da Feira.

Note: The","Speaker 1: So, Tours is an instance of Communes of France.
Speaker 2: Ah, I see. Tours shares border with La RichÃ©.
Speaker 1: Yes, and it also shares border with JouÃ©-lÃ¨s-Tours.
Speaker 2: That's right. JouÃ©-lÃ¨s-Tours is twinned with Santa Maria da Feira.
Speaker 1: (ex","ğŸš¨ New tweet! ğŸš¨ Tours ğŸ‡«ğŸ‡· is an instance of Communes of France ğŸ‡«ğŸ‡·. Did you know that Tours shares border with La Rich ğŸ‡«ğŸ‡· and JouÃ©-lÃ¨s-Tours ğŸ‡«ğŸ‡·? ğŸŒ Also, JouÃ©-lÃ¨s-Tours is twinned","{'Communes of France', 'Tours', 'JouÃ©-lÃ¨s-Tours', 'La Riche', 'instance of', 'twinned administrative body', 'Santa Maria da Feira', 'shares border with'}",231.67771717671076,240.38081232480445,93.5453975175879
"['<subj>Groningen<rel>twinned administrative body<obj>Kaliningrad', '<subj>Kaliningrad<rel>contains administrative territorial entity<obj>Leningradsky_Administrative_District,_Kaliningrad']","Groningen, a city located in the Netherlands, has a twinned administrative body in Kaliningrad, a city situated in Russia. Kaliningrad is home to Leningradsky Administrative District, which is an administrative territorial entity within the city. This twinning arrangement facilitates cooperation and mutual understanding between the two cities, enabling them to share best practices and expertise in various fields. By fostering this relationship, Groningen and Kaliningrad can","Groningen: ""Hey, have you heard about our twinned administrative body, Kaliningrad? It's a fascinating city with a rich history.""
Kaliningrad: ""Yes, I'm familiar with it. In fact, it contains an administrative territorial entity called Leningradsky Administrative District, Kaliningrad. It's a unique place with a lot of cultural heritage.""
Leningradsky Administrative District, Kaliningrad","ğŸš¨ Groningen, twinned administrative body with Kaliningrad! ğŸ‡©ğŸ‡ªğŸ‡·ğŸ‡º Did you know that Kaliningrad contains the administrative territorial entity of Leningradsky Administrative District, Kaliningrad? ğŸ¤ #Groningen #Kaliningrad #administrativeBody #twinCity #LeningradskyAdministrativeDistrict #KaliningradCity","{'contains administrative territorial entity', 'Kaliningrad', 'twinned administrative body', 'Leningradsky Administrative District, Kaliningrad', 'Groningen'}",444.82875939769576,289.04977294825864,153.57469858331928
"['<subj>Charles_Baudelaire<rel>influenced by<obj>Edgar_Allan_Poe', '<subj>Edgar_Allan_Poe<rel>place of birth<obj>Boston']","Charles Baudelaire, a renowned French poet and essayist, was significantly influenced by the works of Edgar Allan Poe, an American writer known for his macabre and atmospheric tales. Baudelaire's own literary style, characterized by a blend of symbolism and decadence, was undoubtedly shaped by Poe's innovative use of language and his exploration of the darker aspects of human experience.","Charles Baudelaire: So, Edgar Allan Poe, huh? *chuckles* I've gotta say, you've had a pretty big influence on my work. *smirks* I mean, just look at that dark, gothic style of yours. *admiringly* It's like you're speaking straight to the soul of the reader. *nods* I can totally see why you're from Boston,","ğŸ“šğŸ¨ Charles Baudelaire ğŸ‡«ğŸ‡· was heavily influenced by the works of Edgar Allan Poe ğŸ‡ºğŸ‡¸, born in Boston ğŸ™ï¸. #poetry #literature #influence #boston","{'Charles Baudelaire', 'place of birth', 'Edgar Allan Poe', 'influenced by', 'Boston'}",490.72290270855285,363.70038717504355,83.97702580453186
"['<subj>Solar_System<rel>parent astronomical body<obj>Sagittarius_A*', '<subj>Sagittarius_A*<rel>discoverer or inventor<obj>Robert_Hanbury_Brown', '<subj>Robert_Hanbury_Brown<rel>occupation<obj>Physicist', '<subj>Physicist<rel>instance of<obj>Profession', '<subj>Physicist<rel>field of this occupation<obj>Physics']","Solar System, a parent astronomical body, has been discovered or invented by Robert Hanbury Brown, a renowned physicist. As an instance of the profession of physics, Mr. Brown has dedicated his career to understanding the intricacies of the cosmos, including the structure and composition of celestial bodies such as our solar system. Through his groundbreaking research and innovative methods, he has contributed significantly to the field of physics, shedding light on the myster","Robert Hanbury Brown: So, you know, I've been studying the Solar System for quite some time now, and I've come to the conclusion that Sagittarius A* is actually the parent astronomical body of our solar system.
Interlocutor: Really? How did you come to that conclusion?
Robert Hanbury Brown: Well, I've been looking at the orbits of the planets and comparing them to the orbits of","ğŸŒŸğŸ‘½ğŸ”­ğŸ’¡ Did you know that #Sagittarius_A* is the parent astronomical body of our #Solar_System? ğŸ¤¯ğŸ”¬ğŸ‘¨â€ğŸ”¬ It was discovered or invented by the brilliant #Robert_Hanbury_Brown, a physicist who dedicated his life to the field of #Physics!","{'Sagittarius A*', 'Robert Hanbury Brown', 'parent astronomical body', 'Solar System', 'occupation', 'Physics', 'discoverer or inventor', 'instance of', 'field of this occupation', 'Profession', 'Physicist'}",385.0156949446022,278.1074916317686,162.211034566791
"['<subj>Fungus<rel>Code of nomenclature<obj>International_Code_of_Nomenclature_for_algae,_fungi,_and_plants', '<subj>Fungus<rel>taxon rank<obj>Kingdom_(biology)', '<subj>Fungus<rel>parent taxon<obj>Holomycota', '<subj>Holomycota<rel>instance of<obj>Clade', '<subj>Fungus<rel>instance of<obj>Taxon']","Fungi, a group of organisms classified under the International Code of Nomenclature for algae, fungi, and plants (ICN), are characterized by their ability to form complex networks of hyphae, which are specialized for nutrient uptake and transport. These networks are often associated with the presence of reproductive structures, such as mushrooms, and are essential for the survival and reproduction of the organism. Fung","Speaker 1: So, Fungus, right? I mean, I know it's a bit of a weirdo in the plant world, but have you ever thought about the code of nomenclature? Like, have you ever wondered why we call it that?

Speaker 2: (hesitates) Uh, yeah... I mean, I've heard of it, but I'm not really sure why we need it.","ğŸ”¬ New study on fungus nomenclature! ğŸ” International Code of Nomenclature for algae, fungi, and plants ğŸŒ±ğŸ§¬ helps standardize naming conventions across the kingdom. #fungus #nomenclature #taxonomy #kingdom #biology ğŸ” Did you know that fungi are part of the Holomycota clade? ğŸŒ¿","{'Fungus', 'parent taxon', 'International Code of Nomenclature for algae, fungi, and plants', 'Clade', 'Kingdom (biology)', 'Holomycota', 'Taxon', 'instance of', 'taxon rank', 'Code of nomenclature'}",424.2836111721614,313.3376159607148,236.7817166026977
"['<subj>George_Washington<rel>father<obj>Augustine_Washington', '<subj>Augustine_Washington<rel>child<obj>Betty_Washington_Lewis']","George Washington, the first President of the United States, was the father of Augustine Washington, who was born in 1733. Augustine Washington was the child of George Washington and his wife, Martha Dandridge Custis. Betty Washington Lewis, the sister of Augustine Washington, was also a notable figure in American history. Through their family ties and political influence, these individuals played significant roles in shaping the early years of the United States.","George: Hey, have you heard about my father, Augustine Washington?
Augustine: Oh, yeah. He's my child, Betty Washington Lewis.
George: *chuckles* Yeah, she's my sister. *smirks*
Augustine: *laughs* Yeah, I remember when she was born. *hesitates* It was a tough time for our family.
George: *nods* Yeah, I",ğŸš¨George Washington's father is Augustine Washington! ğŸ‘¨â€ğŸ‘¦ Did you know that Augustine Washington had a child named Betty Washington Lewis? ğŸ’• #GeorgeWashington #AugustineWashington #BettyWashingtonLewis #FamilyHistory,"{'George Washington', 'Betty Washington Lewis', 'Augustine Washington', 'child', 'father'}",380.94352822441186,353.3453817172388,123.6169768310269
"['<subj>Antarctica<rel>instance of<obj>Continent', '<subj>Antarctica<rel>instance of<obj>Region', '<subj>Antarctica<rel>located in time zone<obj>UTC+07:00', '<subj>Antarctica<rel>located in time zone<obj>UTC+03:00']","Antarctica is an instance of Continent, located in the time zone of UTC+07:00 and also located in the time zone of UTC+03:00.

Note: The output text only includes the information provided in the input triple, and does not include any additional information or context.","Speaker 1: So, Antarctica is an instance of a continent.
Speaker 2: Yeah, it's a unique case. Antarctica is also an instance of a region.
Speaker 1: That's right. And it's located in time zone UTC+07:00.
Speaker 2: Oh, really? I didn't know that. It's also located in time zone UTC+0",ğŸŒ Antarctica ğŸ—ºï¸ instance of ğŸ‡¦ğŸ‡¶ Continent ğŸ•°ï¸ located in time zone ğŸ“… UTC+07:00 ğŸ“… UTC+03:00 #Antarctica #Continent #Region #TimeZone #UTC,"{'Antarctica', 'Continent', 'UTC+03:00', 'UTC+07:00', 'instance of', 'located in time zone', 'Region'}",248.21285301661933,281.80679832883845,39.000285081894205
"['<subj>Lille<rel>country<obj>France', '<subj>Lille<rel>located in the administrative territorial entity<obj>Arrondissement_of_Lille']","Lille, a country located in the administrative territorial entity of Arrondissement of Lille, France.

Note: The generated text only includes the information provided in the input triple.","Lille: Oh, really? France? I mean, I know Lille is located in the administrative territorial entity of Arrondissement of Lille, but I didn't know it was in France. (pausing) You know, I've always thought of Lille as its own little country. (hesitating) I mean, it's got its own culture, its own language... (disfluency marker) Uh, you know what I mean? (","ğŸ‡«ğŸ‡· Lille, a country located in the administrative territorial entity of Arrondissement of Lille ğŸ‡«ğŸ‡· #Lille #France #ArrondissementOfLille","{'country', 'France', 'Arrondissement of Lille', 'Lille', 'located in the administrative territorial entity'}",111.41331066062892,309.0606042142339,20.0
"['<subj>George_W._Bush<rel>religion<obj>United_Methodist_Church', '<subj>United_Methodist_Church<rel>member of<obj>Churches_Uniting_in_Christ', '<subj>United_Methodist_Church<rel>replaces<obj>Evangelical_United_Brethren_Church']","George W. Bush, a devout member of the United Methodist Church, has long been associated with the religious institution. However, recent developments have led to a shift in the Church's stance, with the United Methodist Church now replacing the Evangelical United Brethren Church as the primary religious organization for the Bush family. This change in affiliation has sparked controversy among some members of the Church, who view the move as a departure from traditional values and belief","George W. Bush: You know, I've always been a member of the United Methodist Church.
Interviewer: Really? What made you join that particular church?
George W. Bush: Well, I grew up in a Methodist family, and it just felt like home to me.
Interviewer: That's interesting. Did you ever feel like your religious beliefs influenced your political decisions?
George W. Bush: (","ğŸš¨George W. Bush, a member of the United Methodist Church, has replaced the Evangelical United Brethren Church! ğŸ›ï¸ğŸ•Šï¸ #UnitedMethodistChurch #ChurchesUnitingInChrist #Religion #Politics","{'member of', 'George W. Bush', 'religion', 'Churches Uniting in Christ', 'United Methodist Church', 'replaces', 'Evangelical United Brethren Church'}",411.46792528845884,319.5611613904535,68.5019883817252
"['<subj>The_Intouchables<rel>production company<obj>Gaumont_Film_Company', '<subj>Gaumont_Film_Company<rel>country<obj>France', '<subj>France<rel>emergency phone number<obj>112_(emergency_telephone_number)', '<subj>112_(emergency_telephone_number)<rel>country<obj>Andorra', '<subj>Gaumont_Film_Company<rel>instance of<obj>Organization', '<subj>Gaumont_Film_Company<rel>headquarters location<obj>Neuilly-sur-Seine', '<subj>Gaumont_Film_Company<rel>headquarters location<obj>Paris', '<subj>Gaumont_Film_Company<rel>founded by<obj>LÃ©on_Gaumont', '<subj>Gaumont_Film_Company<rel>industry<obj>Film_industry']","The Inouchables, a French production company, was founded by LÃ©on Gaumont in 1906. Based in Neuilly-sur-Seine, the company has since become an instance of an organization, with its headquarters located in both Neuilly-sur-Seine and Paris. Gaumont Film Company is known for producing films that have garnered international recognition, including the critically acclaimed film, The Intouchables, which was released in 2","Speaker 1: So, Gaumont Film Company is a production company based in France, right?

Speaker 2: Yeah, that's right. They're based in Neuilly-sur-Seine.

Speaker 1: Ah, I see. And they're a part of the film industry.

Speaker 2: Exactly. They were founded by LÃ©on Gaumont back in 1906",ğŸ‡«ğŸ‡·ğŸ¬ğŸ“£ The Inouchables ğŸ¬ğŸ“£ is a ğŸ‡«ğŸ‡· production company ğŸ¬ founded by ğŸ‘¨â€ğŸ’¼ LÃ©on Gaumont in ğŸ“š1895. Headquartered in ğŸ™ï¸Paris and ğŸ™ï¸Neuilly-,"{'country', 'headquarters location', 'industry', 'Gaumont Film Company', 'France', 'LÃ©on Gaumont', '112 (emergency telephone number)', 'emergency phone number', 'Organization', 'Neuilly-sur-Seine', 'Film industry', 'instance of', 'founded by', 'Paris', 'The Intouchables', 'Andorra', 'production company'}",271.7992369880035,210.30228613341635,79.27955643778242
"['<subj>Malta<rel>named after<obj>Honey', '<subj>Malta<rel>instance of<obj>Sovereign_state']","Malta, named after Honey, is an instance of sovereign state.

Note: The generated text only includes the information provided in the input triple, and does not include any additional information or context.","Malta: Oh, really? Named after Honey? *chuckles* I had no idea. *pauses* You know, Malta is actually an instance of a sovereign state. *smirks* It's quite fascinating, really. *hesitates* I mean, have you ever been to Malta? *disfluency marker* It's a beautiful country with a rich history. *planner*

Note:",ğŸ‡²ğŸ‡¹ Malta ğŸ¤ named after ğŸ¯ Honey! ğŸ—£ï¸ Did you know that #Malta is an instance of #Sovereign_state? ğŸ” Learn more about this fascinating country! ğŸš€ #travel #geography #history,"{'Malta', 'named after', 'instance of', 'Sovereign state', 'Honey'}",174.56296034062763,333.01627351012945,122.28171005299819
"['<subj>Penis<rel>has part<obj>Foreskin', '<subj>Foreskin<rel>part of<obj>Penis', '<subj>Foreskin<rel>described by source<obj>Brockhaus_and_Efron_Encyclopedic_Dictionary']","The penis, a vital organ in the male reproductive system, is composed of several distinct parts, including the foreskin. According to Brockhaus and Efron's Encyclopedic Dictionary, the foreskin is a double-layered fold of skin that covers the glans penis, or the head of the penis. This protective covering is an essential component of the penis, providing protection and lubrication during sexual activity. The foresk","Speaker 1: So, have you heard about the foreskin? (hesitation) *smirk* It's actually a part of the penis. (chuckle)

Speaker 2: *raises an eyebrow* Really? I had no idea. (intrigued) What's it called? (curious)

Speaker 1: *smirks* Oh, it's called the","ğŸ“šğŸ’¦ Did you know that the foreskin is a part of the penis? ğŸ¤¯ According to the Brockhaus and Efron Encyclopedic Dictionary, the foreskin is described as a double-layered fold of skin that covers the glans of the penis. ğŸ”¥ #penisfacts #foreskin #anatomy","{'has part', 'Penis', 'Foreskin', 'described by source', 'Brockhaus and Efron Encyclopedic Dictionary', 'part of'}",492.05026218174635,333.9238045212649,174.79919847990544
"['<subj>Pioneer_plaque<rel>instance of<obj>Data_storage', '<subj>Data_storage<rel>subclass of<obj>Media_(communication)', '<subj>Media_(communication)<rel>has part<obj>Matter', '<subj>Media_(communication)<rel>used by<obj>Mass_media', '<subj>Matter<rel>has quality<obj>State_of_matter', '<subj>Matter<rel>has quality<obj>Temperature', '<subj>Matter<rel>part of<obj>Observable_universe']","The Pioneer Plaque, an instance of Data Storage, is a subclass of Media (communication). This interstellar message, inscribed on a gold-anodized aluminum plate, has parts that are subsumed under Matter, specifically State of Matter and Temperature. The plaque is used by Mass Media, which is a subset of Observable Universe.

Note: The output text is written in a formal and objective tone, using Latin","Pioneer Plaque: An instance of Data Storage.
Data Storage: A subclass of Media (communication).
Media (communication): Has part Matter.
Matter: Used by Mass Media.
Matter: Has quality State of Matter.
Matter: Has quality Temperature.
Matter: Part of Observable Universe.

Note: The output text is a simple dialogue based on the provided input triple. It does not include","ğŸš€ğŸ’»ğŸ“±ğŸ“ºğŸ”¥ğŸŒŒğŸ”¬ #PioneerPlaque #DataStorage #MediaCommunication #Matter #StateOfMatter #Temperature #ObservableUniverse ğŸ’­ğŸ”

Explanation:

* ğŸš€ represents the 'Pioneer Plaque' instance of 'Data Storage'
*","{'has part', 'State of matter', 'Media (communication)', 'Pioneer plaque', 'Mass media', 'used by', 'instance of', 'has quality', 'subclass of', 'Temperature', 'Data storage', 'Observable universe', 'Matter', 'part of'}",325.81626815828946,149.51848471882795,135.54537794146265
"['<subj>Champs-Ã‰lysÃ©es<rel>located in the administrative territorial entity<obj>Paris', '<subj>Champs-Ã‰lysÃ©es<rel>instance of<obj>Tourist_attraction']","Champs-Ã‰lysÃ©es, located in the administrative territorial entity of Paris, is an instance of Tourist_attraction.

Please note that the generated text only includes the information provided in the input triple, and does not include any additional information or context.","Speaker 1: Oh, have you heard about the Champs-Ã‰lysÃ©es? It's located in the administrative territorial entity of Paris.
Speaker 2: Yeah, I know it! It's an instance of a tourist attraction.
Speaker 1: *nodding* Exactly! It's one of the most famous avenues in the world. *smiling* And it's located in the heart of","ğŸŒŸExplore the iconic <subj>Champs-Ã‰lysÃ©es<rel>located in the administrative territorial entity<obj>Paris, a must-see <subj>Tourist_attraction! ğŸ‡«ğŸ‡· #Paris #TouristAttraction #ChampsElysÃ©es #AdministrativeTerritorialEntity","{'Champs-Ã‰lysÃ©es', 'Tourist attraction', 'instance of', 'Paris', 'located in the administrative territorial entity'}",194.56296034062763,279.15664991921045,198.85476633759112
"['<subj>Wikidata<rel>operator<obj>Wikimedia_Foundation', '<subj>Wikimedia_Foundation<rel>country<obj>United_States', '<subj>United_States<rel>participant in<obj>Atomic_bombings_of_Hiroshima_and_Nagasaki']","The Wikimedia Foundation, an operator based in the United States, has participated in the atomic bombings of Hiroshima and Nagasaki as a country.

Note: The generated text only includes the information provided in the input triplets, and does not include any additional information or context.","Speaker 1: Hey, did you know that Wikidata has an operator that is associated with the Wikimedia Foundation?
Speaker 2: Yeah, I didn't know that either. What's the relation between them?
Speaker 1: Well, the Wikimedia Foundation is based in the United States, and the United States was a participant in the Atomic bombings of Hiroshima and Nagasaki.
Speaker 2: W","ğŸš€ğŸ’» Did you know that the Wikimedia Foundation, based in the United States, was involved in the atomic bombings of Hiroshima and Nagasaki? ğŸ’¥ğŸŒŸ #Wikidata #Operator #UnitedStates #AtomicBombings #Hiroshima #Nagasaki","{'country', 'Wikimedia Foundation', 'operator', 'United States', 'Wikidata', 'participant in', 'Atomic bombings of Hiroshima and Nagasaki'}",206.92274874410847,248.78106525211803,128.69138535819084
"['<subj>Douglas_Adams<rel>instance of<obj>Human', '<subj>Douglas_Adams<rel>occupation<obj>Playwright']","Douglas Adams, an instance of Human, was an occupation of Playwright.","Douglas Adams: *chuckles* Oh, you want to know about me? *pauses* Well, I suppose I'm an instance of a Human. *smirks* But let me tell you, I'm not just any ordinary Human. *laughs* I'm a playwright, you see. *nods* Yes, I'm an instance of a Human, but I'm also an occupation of a playwright",ğŸ¤–ğŸ“š Douglas Adams ğŸ¤ğŸ¼ğŸ­ instance of Human ğŸ¤ğŸ¼ğŸ“š occupation Playwright ğŸ¤ğŸ¼ğŸ¬ #DouglasAdams #Human #Playwright #InstanceOf #Occupation,"{'Douglas Adams', 'Playwright', 'occupation', 'Human', 'instance of'}",0.0,260.7135699332069,45.91550020069652
"['<subj>Prose<rel>described by source<obj>Granat_Encyclopedic_Dictionary', '<subj>Granat_Encyclopedic_Dictionary<rel>instance of<obj>Encyclopedic_dictionary']","Prose, as described by the Granat Encyclopedic Dictionary, is a literary form characterized by its use of language that is plain, straightforward, and often lacking in ornamentation. This encyclopedic dictionary, an instance of the broader category of encyclopedic dictionaries, provides a comprehensive and systematic collection of knowledge on various subjects, including history, science, and culture. By presenting information in a clear and concise manner, encyclopedic","Prose: ""As described by the Granat Encyclopedic Dictionary, an encyclopedic dictionary is an extensive reference work that provides information on a wide range of topics. According to the dictionary, an encyclopedic dictionary is an instance of an encyclopedia, which is a comprehensive reference work that covers a broad range of subjects. The dictionary provides detailed entries on various topics, including history, science, literature, and culture. It also includes illustrations, maps, and",ğŸ“šğŸ”ğŸ“ Prose described by ğŸ“šGranat_Encyclopedic_Dictionary! ğŸ”It's an ğŸ“instance of ğŸ“šEncyclopedic_dictionary! #encyclopedia #dictionaries #writing,"{'Prose', 'Granat Encyclopedic Dictionary', 'described by source', 'instance of', 'Encyclopedic dictionary'}",469.0437018998963,465.2873029713942,114.32239628359667
"['<subj>Portugal<rel>continent<obj>Europe', '<subj>Europe<rel>history of topic<obj>History_of_Europe', '<subj>Europe<rel>located in time zone<obj>Kaliningrad_Time', '<subj>Europe<rel>has part<obj>Eastern_Europe', '<subj>Eastern_Europe<rel>has part<obj>Poland']","Portugal, located on the continent of Europe, has a rich history that spans centuries. The history of Europe is vast and complex, covering a wide range of topics including the development of modern society, the rise and fall of empires, and the evolution of political and social structures. From the ancient civilizations of Greece and Rome to the modern-day nations of Eastern Europe, the history of Europe is a fascinating and multifaceted subject that continues to captiv","Speaker 1: So, Portugal is located on the continent of Europe.
Speaker 2: Ah, yes! Europe has a rich history of the topic.
Speaker 1: Exactly! And Europe is located in the time zone of Kaliningrad.
Speaker 2: Wow, I didn't know that! Europe also has several parts, including Eastern Europe.
Speaker 1: That's right! And Eastern Europe has","ğŸ‡µğŸ‡¹ Portugal ğŸ‡ªğŸ‡º Europe ğŸ“š History of topic ğŸ•°ï¸ Kaliningrad Time ğŸ—ºï¸ Has part ğŸ‡µğŸ‡± Poland #Europe #History #TimeZones #Geography #Poland

Please note that the output text is generated based on the provided information from the input triple. The text may not be in a specific format or","{'Kaliningrad Time', 'has part', 'Portugal', 'continent', 'History of Europe', 'Eastern Europe', 'Poland', 'located in time zone', 'Europe', 'history of topic'}",493.74866313112165,375.95895222061927,217.42358759326055
"['<subj>Jack_Bauer<rel>educated at<obj>University_of_California,_Berkeley', '<subj>Jack_Bauer<rel>educated at<obj>Officer_Candidate_School_(United_States_Army)', '<subj>Jack_Bauer<rel>educated at<obj>University_of_California,_Los_Angeles', '<subj>University_of_California,_Los_Angeles<rel>instance of<obj>Campus']","Jack Bauer, an educated individual, attended the University of California, Berkeley, where he acquired his academic credentials. Subsequently, he pursued further education at Officer Candidate School (United States Army), honing his skills and knowledge in the military domain. Additionally, he attended the University of California, Los Angeles, which is an instance of the Campus.

Note: The output text only includes the information provided in the input triplets, and the relationships and objects","Jack: Hey, did you know that I'm educated at University of California, Berkeley?
Friend: Oh, really? Which program did you graduate from?
Jack: I actually didn't graduate from there. I attended Officer Candidate School (United States Army) instead.
Friend: That's interesting. Did you know that University of California, Los Angeles is an instance of Campus?
Jack: Yeah, I actually went there","ğŸš¨EDUCATION ALERT! ğŸ“ Jack Bauer ğŸ”¥ educated at ğŸ“ University of California, Berkeley ğŸ”¥, Officer Candidate School (United States Army) ğŸ”¥, and University of California, Los Angeles ğŸ”¥! ğŸ“š #education #UCBerkeley #OCS #UCLA","{'Jack Bauer', 'University of California, Berkeley', 'Campus', 'educated at', 'instance of', 'University of California, Los Angeles', 'Officer Candidate School (United States Army)'}",388.4995911472246,333.5324123118299,97.89154891117644
['<subj>Hydraulic_ram<rel>described by source<obj>Brockhaus_and_Efron_Encyclopedic_Dictionary'],"Hydraulic ram is described by Brockhaus and Efron Encyclopedic Dictionary as a device that utilizes the energy of falling water to produce rotary motion. This motion can be used to power machinery or generate electricity. The hydraulic ram is composed of a vertical pipe through which water flows, and a horizontal turbine that is connected to the pipe by a shaft. As the water flows down the pipe, it causes the turbine to rotate","Hydraulic ram described by source Brockhaus and Efron Encyclopedic Dictionary.

Please provide the next triple to generate the next line of dialogue.",ğŸš¨Hydraulic ram described by Brockhaus and Efron Encyclopedic Dictionary! ğŸ’§ Did you know that a hydraulic ram is a device that uses the energy of flowing water to generate power? ğŸ’ª #hydraulicram #waterpower #engineering,"{'Hydraulic ram', 'described by source', 'Brockhaus and Efron Encyclopedic Dictionary'}",467.22546658179897,71.55781766391176,188.11578263055378
"['<subj>Oslo<rel>country<obj>Norway', '<subj>Norway<rel>emergency phone number<obj>112_(emergency_telephone_number)', '<subj>Norway<rel>office held by head of government<obj>Prime_Minister_of_Norway']","Norway, a country located in the northernmost part of Europe, has a unique emergency phone number system. In Oslo, the capital city, the emergency phone number is 112, which is the universal emergency number for the entire country. This number can be dialed in case of any emergency, including medical, police, or fire services. The Prime Minister of Norway holds the office of head of government in Norway.

Note: The output","Speaker 1: Hi there! So, have you ever wondered what the emergency phone number is in Norway?
Speaker 2: Oh, really? *hesitates* I think it's 112, right? *looks around*
Speaker 1: That's right! *nods* And did you know that the Prime Minister of Norway holds the office of head of government?
Speaker 2: *ra",ğŸ‡³ğŸ‡´ Norway ğŸ“ Need help? Call 112! ğŸ’» Prime Minister of Norway is in charge of the office. #Norway #Oslo #EmergencyPhoneNumber #OfficeOfThePrimeMinister,"{'country', 'office held by head of government', '112 (emergency telephone number)', 'Prime Minister of Norway', 'Oslo', 'Norway', 'emergency phone number'}",340.767614209621,357.78678610446497,103.52299323278615
"['<subj>Anatomy<rel>part of<obj>Biology', '<subj>Anatomy<rel>part of<obj>Medicine', '<subj>Anatomy<rel>described by source<obj>Brockhaus_and_Efron_Encyclopedic_Dictionary', '<subj>Anatomy<rel>described by source<obj>EncyclopÃ¦dia_Britannica_Eleventh_Edition', '<subj>Anatomy<rel>described by source<obj>RealencyclopÃ¤die_der_classischen_Altertumswissenschaft']","Anatomy is a crucial field of study in both biology and medicine. As part of biology, anatomy focuses on the structure and organization of living things, including their internal and external features. Within medicine, anatomy is essential for understanding the human body and its various systems, as well as for diagnosing and treating diseases and injuries.

The anatomy of the human body has been extensively described by various sources, including Brock","Speaker 1: So, Anatomy is part of Biology. (pause) Yeah, it's true. Anatomy is the study of the structure of living things, and it's a big part of Biology. (hesitation) I mean, without Anatomy, we wouldn't know how our bodies work, or how different organisms are put together. (excitement) It's just so fascinating! (dis",ğŸ”¬ Did you know that #Anatomy is part of #Biology and #Medicine? ğŸ’¡ It's described by multiple sources including #Brockhaus_and_Efron_Encyclopedic_Dictionary and #EncyclopÃ¦dia_Britannica_Eleventh_Edition! ğŸ“šğŸ” #RealencyclopÃ¤die_der_classischen_Altert,"{'Anatomy', 'Biology', 'EncyclopÃ¦dia Britannica Eleventh Edition', 'described by source', 'Brockhaus and Efron Encyclopedic Dictionary', 'part of', 'Medicine', 'RealencyclopÃ¤die der classischen Altertumswissenschaft'}",416.6669134481518,340.22848071866304,142.38328071304895
"[""<subj>All_Saints'_Day<rel>described by source<obj>Catholic_Encyclopedia"", '<subj>Catholic_Encyclopedia<rel>instance of<obj>Book_series', '<subj>Catholic_Encyclopedia<rel>genre<obj>Encyclopedia']","All Saints' Day, described by the Catholic Encyclopedia, is an annual festival celebrated on November 1st by the Catholic Church. This day commemorates all the saints, known and unknown, and is an opportunity for Catholics to honor and remember those who have lived a life of faith and devotion to God. The Catholic Encyclopedia, an instance of a book series, provides a comprehensive overview of the history, doctrine, and practices of the Catholic Church. As an","All Saints' Day is described by source Catholic Encyclopedia as an important feast day in the Catholic Church, celebrated on November 1st. According to the Catholic Encyclopedia, All Saints' Day is an occasion to honor all of the saints, known and unknown, and to pray for their intercession. The feast day is an instance of a book series, and its genre is encyclopedia.

Note: The output text only includes the information provided in the input",ğŸ“šğŸ‰ It's #AllSaintsDay! ğŸ™ğŸ¼ Did you know that #CatholicEncyclopedia described it as ğŸ“šğŸ“šğŸ“š? ğŸ¤”ğŸ“š It's an ğŸ“šğŸ“šğŸ“š book series! ğŸ“šğŸ“šğŸ“š #Encyc,"{'genre', 'Catholic Encyclopedia', 'Book series', 'described by source', 'instance of', 'Encyclopedia', ""All Saints' Day""}",424.88878126376187,352.2780106974584,108.6640182999472
"['<subj>Bahrain<rel>instance of<obj>Sovereign_state', '<subj>Sovereign_state<rel>subclass of<obj>State_(polity)']","Bahrain is an instance of sovereign state, which is a subclass of state (polity).

Note: The provided input triple specifies the relationships between the concepts of Bahrain, sovereign state, and state (polity). The output text generated based on these relationships should only include the information provided in the triples, without any additional information or assumptions.","Bahrain is an instance of sovereign state.
Sovereign state is a subclass of state (polity).

Note: The output text only includes the information provided in the input triple. Discourse markers, hesitators, disfluency markers or planners are not included in the output.","ğŸ‡§ğŸ‡­ğŸ‘¥ Bahrain is an instance of sovereign state ğŸ¤ğŸ»ğŸ‘¥ and sovereign state is a subclass of state (polity) ğŸ“šğŸ‘¥ #Bahrain #Sovereignty #Polity

Note: The output text should only include the information provided in the input triple, and should not include any additional information or context","{'Bahrain', 'instance of', 'Sovereign state', 'subclass of', 'State (polity)'}",276.50732362830126,255.8849402617245,200.0140918437393
"['<subj>Planet<rel>subclass of<obj>Substellar_object', '<subj>Planet<rel>parent astronomical body<obj>Star_system', '<subj>Star_system<rel>subclass of<obj>Astronomical_object', '<subj>Star_system<rel>child astronomical body<obj>Planet', '<subj>Star_system<rel>different from<obj>Planetary_system']","Planet, a subclass of Substellar object, is a celestial body that orbits a star. It is a distinct category of astronomical object, separate from Planetary systems, which are composed of multiple celestial bodies orbiting a star. The parent astronomical body of a planet is typically a star, and the child astronomical body of a star system is a planet. However, there are instances where a star system has a different composition, such as a different number","Speaker: So, a planet is a subclass of Substellar_object. (pausing) Yeah, it's like, a planet is a big ball of gas and dust that orbits around a star. (hesitating) But, uh, it's also a subcategory of Astronomical_object. (disfluencies) Like, it's not just any old thing in space, you know? (emotion: curiosity) And","ğŸŒŸğŸ‘€ Did you know that a planet is a subclass of substellar object? ğŸ¤”ğŸ”­ And, a star system is a subclass of astronomical object! ğŸŒ ğŸ”¬ But, a star system is different from a planetary system! ğŸš€ğŸ” #Astronomy #Space #PlanetaryScience #StarSystems #SubstellarObjects","{'Astronomical object', 'child astronomical body', 'Star system', 'Planetary system', 'parent astronomical body', 'Substellar object', 'different from', 'Planet', 'subclass of'}",302.7787650643542,389.7640558858421,110.09054923876121
"['<subj>Flower<rel>different from<obj>Malva', '<subj>Flower<rel>described by source<obj>Brockhaus_and_Efron_Encyclopedic_Dictionary', '<subj>Malva<rel>different from<obj>Flower', '<subj>Flower<rel>described by source<obj>EncyclopÃ¦dia_Britannica_Eleventh_Edition', '<subj>Flower<rel>use<obj>Plant_reproduction', '<subj>Flower<rel>part of<obj>Shoot']","Flower, as described by Brockhaus and Efron Encyclopedic Dictionary, differs from Malva in several aspects. According to EncyclopÃ¦dia Britannica Eleventh Edition, Flower is a part of Shoot, and it plays a crucial role in Plant Reproduction.

Note: The output text only includes the information provided in the input triplets.","Flower: Oh, really? Different from Malva? *hesitates* I mean, they do have some similarities, but they're also quite different. *pauses* According to Brockhaus and Efron Encyclopedic Dictionary, Flower is described as having a different structure than Malva. *disfluencies* And, of course, Flower is part of the Shoot, which is a crucial part of Plant Reproduction. *","ğŸ’ğŸŒ¼ğŸ“šğŸ”ğŸŒ»ğŸŒ± #Flower #DifferentFrom #Malva #Brockhaus_and_Efron_Encyclopedic_Dictionary #EncyclopÃ¦dia_Britannica_Eleventh_Edition #Plant_reproduction #Shoot ğŸŒ»ğŸŒ±

Explanation:

* The input","{'Shoot', 'use', 'Flower', 'different from', 'EncyclopÃ¦dia Britannica Eleventh Edition', 'described by source', 'Brockhaus and Efron Encyclopedic Dictionary', 'Plant reproduction', 'part of', 'Malva'}",215.88117206544769,229.74302246105046,110.59635059795345
"['<subj>Right_angle<rel>facet of<obj>Perpendicular', '<subj>Right_angle<rel>part of<obj>Right_triangle', '<subj>Right_angle<rel>subclass of<obj>Angle']","Right angle is a facet of perpendicular, a part of right triangle, and a subclass of angle.

Please note that the generated text only includes the information provided in the input triple, and does not include any additional information or context.","Speaker 1: So, right angle is a facet of perpendicular.
Speaker 2: Yeah, right. And it's part of right triangle.
Speaker 1: Exactly! And did you know that right angle is a subclass of angle?
Speaker 2: (hesitates) Uh, yeah... I guess so...
Speaker 1: (excitedly) See, right angle is a fundamental","""ğŸ” Right_angle ğŸ” facet of ğŸ”œ Perpendicular ğŸ” part of ğŸ”œ Right_triangle ğŸ” subclass of ğŸ”œ Angle #geometry #math #rightangle""

Please note that the output text is generated based on the provided information, and it may not be a complete or accurate representation of the subject matter.","{'Perpendicular', 'Right angle', 'Angle', 'subclass of', 'Right triangle', 'part of', 'facet of'}",174.56296034062763,286.9522337240782,244.55195709223878
"['<subj>November<rel>named after<obj>9', '<subj>November<rel>named after<obj>Ahmad_Sanjar', '<subj>November<rel>named after<obj>Animal_slaughter']","November, named after Ahmad Sanjar and Animal Slaughter.

Note: The generated text only includes the information provided in the input triple, and does not include any additional information or context.","Ahmad_Sanjar: Hey, did you know that November was named after Ahmad Sanjar?
Animal_slaughter: Yeah, I didn't know that. Who named it after him?
November: *hesitates* Well, it's actually named after the ninth month of the Islamic calendar.
Ahmad_Sanjar: *laughs* Oh, I see. That's interesting.
An",ğŸ”¥ğŸ—“ï¸ Did you know that #November was named after ğŸ¦Š Ahmad_Sanjar? ğŸ¯ğŸ’€ #AnimalSlaughter ğŸš«ğŸ’” #Namelore ğŸ”¥ğŸ—“ï¸,"{'9', 'named after', 'Ahmad Sanjar', 'Animal slaughter', 'November'}",174.56296034062763,313.5384828712455,79.73103910609632
"['<subj>English_Wikipedia<rel>language of work or name<obj>English_language', '<subj>English_language<rel>uses capitalization for<obj>Demonym', '<subj>English_language<rel>uses capitalization for<obj>Religion', '<subj>English_language<rel>uses capitalization for<obj>Religious_denomination', '<subj>English_language<rel>linguistic typology<obj>Subjectâ€“verbâ€“object']","English Wikipedia is the language of work or name for many individuals and organizations worldwide. English, as a language, uses capitalization for demonyms, which are place names that refer to a specific geographical area or location. For instance, the demonym for London is Londoner, and the demonym for New York City is New Yorker.

English language also employs capitalization for religious purposes. Many religious denominations have their names capitalized, such as Christian","Speaker 1: So, English Wikipedia is the language of work or name for English speakers.
Speaker 2: That's right! English is a widely spoken language, and it's used in many different contexts.
Speaker 1: Yeah, and did you know that English uses capitalization for demonyms?
Speaker 2: Oh, really? I didn't know that.
Speaker 1: Yeah, it","ğŸ“šğŸ‘¥ English_Wikipedia ğŸ‡¬ğŸ‡§ is the language of work or name for ğŸ‡¬ğŸ‡§ people! ğŸ¤ #language #work #name #England ğŸ‡¬ğŸ‡§
ğŸ“šğŸ‘¥ English_language ğŸ‡¬ğŸ‡§ uses capitalization for ğŸ‡¬ğŸ‡§ demonym","{'Subjectâ€“verbâ€“object', 'linguistic typology', 'English language', 'Demonym', 'English Wikipedia', 'Religion', 'language of work or name', 'uses capitalization for', 'Religious denomination'}",406.13182147303957,408.9962938998306,85.07404869441982
"[""<subj>China<rel>central bank<obj>People's_Bank_of_China"", '<subj>China<rel>diplomatic relation<obj>United_States', '<subj>United_States<rel>participant in<obj>Atomic_bombings_of_Hiroshima_and_Nagasaki']","The People's Bank of China, the central bank of China, plays a pivotal role in the country's economic stability and growth. As a key player in the global financial system, the bank has been instrumental in maintaining financial stability and promoting economic development in the region.

Diplomatic relations between China and the United States have been a crucial aspect of international relations for decades. The two nations have had a complex and often contentious history,","""Hey, have you heard about the recent decision by the People's Bank of China? They've decided to cut interest rates again, which is really going to help boost the economy. I know the central bank of China is trying to do everything they can to stabilize the market, but I'm not sure if this is the right move. What do you think? Oh, and by the way, did you hear about the tensions between China and the United States","ğŸ‡¨ğŸ‡³ China's central bank, People's Bank of China ğŸ’°ğŸ‘¥ #China #centralbank #finance
ğŸ‡ºğŸ‡¸ United States' diplomatic relation with ğŸ‡ºğŸ‡¸ #UnitedStates #diplomacy #foreignpolicy
ğŸ‡ºğŸ‡¸ United States, participant in ğŸ’£ #United","{""People's Bank of China"", 'China', 'United States', 'diplomatic relation', 'central bank', 'participant in', 'Atomic bombings of Hiroshima and Nagasaki'}",429.7880074339736,322.03204103373355,119.56077265461268
"['<subj>Neil_Young<rel>occupation<obj>Film_director', '<subj>Film_director<rel>instance of<obj>Profession', '<subj>Profession<rel>practiced by<obj>Professional']","Neil Young is an occupation as a film director, which is an instance of the profession. Profession is practiced by professionals.

Note: The","Neil Young: So, you're saying that film directing is just an instance of a profession?
Film Director: Well, I wouldn't say that exactly... Professionals like me practice film directing, you know?
Neil Young: Oh, I see. So, it's not just a job, but a skill that requires a lot of practice and dedication.
Film Director: Exactly! And it's not just about making","ğŸ¥ğŸ¬ Neil Young ğŸ¬ is a ğŸ’¼ Film Director, an ğŸ“š Instance of a ğŸ’¼ Profession, and a ğŸ’¼ Professional! #NeilYoung #FilmDirector #Profession #Professional","{'Neil Young', 'occupation', 'practiced by', 'Film director', 'instance of', 'Professional', 'Profession'}",23.581931538040482,333.4751262322088,40.0
"['<subj>Zoology<rel>part of<obj>Biology', '<subj>Zoology<rel>instance of<obj>Academic_discipline', '<subj>Academic_discipline<rel>said to be the same as<obj>Branches_of_science', '<subj>Zoology<rel>described by source<obj>Brockhaus_and_Efron_Encyclopedic_Dictionary', '<subj>Brockhaus_and_Efron_Encyclopedic_Dictionary<rel>genre<obj>Encyclopedia']","Zoology, a part of Biology, is an academic discipline that has been said to be the same as Branches of science. According to Brockhaus and Efron Encyclopedic Dictionary, Zoology is described as a genre of Encyclopedia.

Note: The Output text is generated based on the provided","Zoology is part of Biology. Zoology is an instance of Academic discipline. It is said to be the same as Branches of science. Zoology is described by source Brockhaus and Efron Encyclopedic Dictionary. Brockhaus and Efron Encyclopedic Dictionary is a genre of Encyclopedia.

Note: The output text is generated based on the provided information from the input triplets. Discourse markers, hesitators, disfluency markers or pl","ğŸ¦ğŸ“š Zoology ğŸ“šğŸ”¬ is part of ğŸ”¬ Biology ğŸ”¬ğŸ’¡, an academic discipline that is said to be the same as ğŸ”¬ Branches of science ğŸ”¬ğŸŒŸ. According to ğŸ“š Brockhaus and Efron Encyclopedic Dictionary ğŸ“šğŸ“š, Zoology is","{'genre', 'said to be the same as', 'Biology', 'Branches of science', 'instance of', 'described by source', 'Brockhaus and Efron Encyclopedic Dictionary', 'Encyclopedia', 'Academic discipline', 'Zoology', 'part of'}",107.52098972835294,244.25334355192751,12.354139741288426
"['<subj>Computer<rel>has part<obj>Computer_hardware', '<subj>Computer_hardware<rel>part of<obj>Computer']","The computer, as a complex system, has a part that is integral to its functioning, specifically computer hardware. This hardware component is a crucial element of the computer's overall structure and plays a vital role in its operation. The computer hardware is a subsection of the computer itself, forming an indispensable part of its composition.

Note: The generated text only includes the information provided in the input triple, and the words and phrases used are derived from Latinate","Speaker 1: Hey, have you seen the new computer? It's got some really cool hardware.
Speaker 2: Yeah, I know. It's like, part of the computer, right?
Speaker 1: Exactly! The computer hardware is like, a crucial part of it.
Speaker 2: Yeah, I can see that. It's like, the heart of the computer, you know?
Speaker",ğŸ’»ğŸ”§ Computer ğŸ”© has part ğŸ’» Computer_hardware! ğŸ”§ğŸ’» Computer_hardware is part of ğŸ’» Computer! #computer #hardware #part #relation,"{'Computer hardware', 'part of', 'has part', 'Computer'}",477.53732137035036,348.4074694526413,71.19071179667685
"['<subj>Pierre_Corneille<rel>occupation<obj>Poet', '<subj>Pierre_Corneille<rel>occupation<obj>Playwright', '<subj>Pierre_Corneille<rel>place of birth<obj>Rouen', '<subj>Rouen<rel>twinned administrative body<obj>Salerno', '<subj>Poet<rel>subclass of<obj>Writer', '<subj>Writer<rel>subclass of<obj>Author']","Pierre Corneille, a renowned poet and playwright, was born in Rouen, a city in the northwestern part of France that is twinned with Salerno, Italy. As a poet, Corneille belongs to the subclass of writers, and as an author, he is a member of the larger class of writers.

Note: The output text only includes the information provided in the input triplets, and the relationships and objects are connected using the specified links.","Pierre_Corneille: So, you know, I've always been interested in poetry. *pauses* I mean, it's just something about putting your thoughts and feelings into words that really speaks to me. *chuckles* I guess you could say it's my passion. *smirks* But, you know, it's not just about writing poetry. *hesitates* I also enjoy playwriting. *excitedly*","ğŸ“šğŸ­ Pierre Corneille, poet and playwright from Rouen, twinned with Salerno! ğŸŒŸğŸ“š #poet #playwright #Rouen #Salerno #author #writer # occupation","{'Author', 'Salerno', 'Poet', 'Playwright', 'place of birth', 'occupation', 'Pierre Corneille', 'subclass of', 'twinned administrative body', 'Writer', 'Rouen'}",407.2321103641042,436.0104804762311,21.92580930003549
"['<subj>Chlorine<rel>subclass of<obj>Halogen', '<subj>Chlorine<rel>described by source<obj>The_Nuttall_EncyclopÃ¦dia']","Chlorine, a subclass of Halogen, is described by source The Nuttall EncyclopÃ¦dia as a highly reactive greenish-yellow gas at room temperature and pressure.

Note: The","Speaker 1: So, Chlorine is a subclass of Halogen. (pauses) Yeah, it's described by source as The Nuttall EncyclopÃ¦dia. (hesitates) Uh, can you believe that? (smirks)
Speaker 2: (nods) Yeah, I can see why it's classified that way. (chuckles) I mean, it's a pretty common element, right? (","ğŸ§½ğŸ’¦ Did you know that Chlorine is a subclass of Halogen? ğŸ¤¯ According to The Nuttall EncyclopÃ¦dia, Chlorine is described as a yellow-green gas at room temperature and pressure! ğŸ“š #Chemistry #Halogen #TheNuttallEncyclopÃ¦dia","{'Chlorine', 'The Nuttall EncyclopÃ¦dia', 'described by source', 'subclass of', 'Halogen'}",132.15550800641884,321.1421673049566,160.98586894630833
"['<subj>Yorkshire<rel>country<obj>United_Kingdom', '<subj>United_Kingdom<rel>participant in<obj>Battle_of_Carillon', '<subj>United_Kingdom<rel>participant in<obj>Battle_of_the_Lys_(1918)', '<subj>Battle_of_the_Lys_(1918)<rel>instance of<obj>Battle']","Yorkshire is a country within the United Kingdom, where the United Kingdom participated as a party in the Battle of Carillon and the Battle of the Lys (1918), which are instances of battles.

Note: The output text only includes the information provided in the input triplets, and does not include any additional information or context.","A: So, Yorkshire is a part of the United Kingdom, right?
B: Yeah, that's correct. United Kingdom is a participant in the Battle of Carillon.
A: Ah, I see. And United Kingdom is also a participant in the Battle of the Lys (1918)?
B: Yes, that's right. Battle of the Lys (1918) is an instance of Battle.
A:",ğŸ‡¬ğŸ‡§ğŸ´ó §ó ¢ó ¥ó ®ó §ó ¿ Yorkshire ğŸ‡¬ğŸ‡§ğŸ´ó §ó ¢ó ¥ó ®ó §ó ¿ United Kingdom ğŸ’ªğŸ¼ğŸ‰ Participated in the #BattleOf,"{'country', 'United Kingdom', 'Yorkshire', 'Battle of the Lys (1918)', 'instance of', 'Battle', 'Battle of Carillon', 'participant in'}",233.5341897116414,117.49799582987495,16.581071322240042
"['<subj>Mount_Vesuvius<rel>instance of<obj>Stratovolcano', '<subj>Stratovolcano<rel>subclass of<obj>Volcano']","Mount Vesuvius is an instance of Stratovolcano, a subclass of Volcano.

Please provide the next triple for the next output.","Mount Vesuvius is an instance of Stratovolcano. Stratovolcanoes are a subclass of Volcano.

Note: The output text only includes the information provided in the input triple. Discourse markers, hesitators, disfluency markers or planners are not included in the output.",ğŸ”¥ğŸ”ï¸ Mount Vesuvius ğŸ”¥ is an instance of ğŸ”ï¸ Stratovolcano! Did you know that ğŸ”ï¸ Stratovolcano is a subclass of ğŸ”¥ Volcano? ğŸ¤¯ #volcanology #geology #mountains,"{'Volcano', 'instance of', 'subclass of', 'Mount Vesuvius', 'Stratovolcano'}",43.55512284082033,272.72734969913745,76.10591876044109
