triples,academic,oral,twitter,seen,academic_coverage,oral_coverage,twitter_coverage
"['<subj>Pasta<rel>partially coincident with<obj>Bánh', '<subj>Pasta<rel>partially coincident with<obj>Noodle', '<subj>Pasta<rel>material used<obj>Wheat_flour', '<subj>Pasta<rel>country of origin<obj>Kingdom_of_Italy', '<subj>Pasta<rel>described by source<obj>Grosses_vollständiges_Universal-Lexicon', '<subj>Pasta<rel>country of origin<obj>China', '<subj>Pasta<rel>has part<obj>Durum']",Pasta is a type of noodle that is partially coincident with Bánh. It is also partially coincident with Noodle. Pasta is made from wheat flour and is a country of origin of the Kingdom of Italy. It is described by the source Grosses vollständiges Universal-Lexicon. Pasta is also a country of origin of China and has a part called Durum.,"""Pasta is partially coincident with Bánh. Pasta is partially coincident with Noodle. Pasta is made of Wheat_flour. Pasta is from the Kingdom of Italy. Pasta is described by Grosses_vollständiges_Universal-Lexicon. Pasta is from China. Pasta has part Durum.""","'Pasta is partially coincident with Bánh, Noodle, and Durum. It is made from wheat flour and originated in Italy and China. It is described by Grosses vollständiges Universal-Lexicon.'","{'country of origin', 'China', 'Bánh', 'has part', 'Durum', 'Wheat flour', 'described by source', 'partially coincident with', 'Grosses vollständiges Universal-Lexicon', 'Noodle', 'material used', 'Kingdom of Italy', 'Pasta'}",0.7692307692307693,0.7692307692307693,0.6153846153846154
"['<subj>Augusto_Pinochet<rel>country of citizenship<obj>Chile', '<subj>Chile<rel>currency<obj>Chilean_peso', '<subj>Chile<rel>geography of topic<obj>Geography_of_Chile']","Augusto Pinochet was a Chilean dictator who ruled the country from 1973 to 1990. He was born in Valparaíso, Chile, in 1915. Pinochet was a member of the Chilean Army and rose through the ranks to become General. He was appointed Commander-in-Chief of the Army in 1973, and led a military coup that overthrew the democrat","[Augusto Pinochet was a Chilean politician and military officer who served as the 30th president of Chile from 1973 to 1990. He was born in Valparaíso, Chile, and served in the Chilean Army from 1940 to 1990. He was a member of the National Party and the Independent Democratic Union. He was a member of the Chilean Congress from 1961 to","'Augusto Pinochet was a Chilean dictator who ruled the country from 1973 to 1990. He was known for his brutal regime and human rights abuses. The Chilean peso is the official currency of Chile. It is divided into 100 centavos. The geography of Chile is diverse, with the Andes mountains in the east and the Pacific Ocean in the west. The country is also known for its desert","{'Augusto Pinochet', 'Chile', 'geography of topic', 'Chilean peso', 'country of citizenship', 'currency', 'Geography of Chile'}",0.2857142857142857,0.2857142857142857,0.7142857142857143
"['<subj>Internet<rel>discoverer or inventor<obj>Vint_Cerf', '<subj>Vint_Cerf<rel>occupation<obj>Engineer', '<subj>Vint_Cerf<rel>occupation<obj>Technology_evangelist']",Vint Cerf is an American computer scientist who is widely recognized as one of the fathers of the Internet. He is also known as a technology evangelist and an engineer.,"""Vint Cerf is the discoverer or inventor of the Internet. He is also an engineer and a technology evangelist.""",Vint Cerf is the discoverer or inventor of the Internet. He is also an engineer and a technology evangelist. #VintCerf #Internet #Engineer #TechnologyEvangelist,"{'Engineer', 'Vint Cerf', 'Technology evangelist', 'occupation', 'Internet', 'discoverer or inventor'}",0.6666666666666666,0.8333333333333334,0.8333333333333334
"['<subj>Talisker_distillery<rel>located in the administrative territorial entity<obj>Highland_(council_area)', '<subj>Highland_(council_area)<rel>located in the administrative territorial entity<obj>Scotland']","'Talisker distillery is located in the administrative territorial entity of Highland, which is located in the administrative territorial entity of Scotland. Highland is located in the administrative territorial entity of Scotland.'","'Talisker distillery is located in the Highland council area, which is located in Scotland.'",'Talisker distillery is located in the Highland council area of Scotland. #scotland #whisky #highlands',"{'Scotland', 'located in the administrative territorial entity', 'Talisker distillery', 'Highland (council area)'}",0.75,0.5,0.5
"['<subj>Museum_of_Fine_Arts_of_Lyon<rel>located in the administrative territorial entity<obj>1st_arrondissement_of_Lyon', '<subj>Museum_of_Fine_Arts_of_Lyon<rel>located in the administrative territorial entity<obj>Lyon', '<subj>Lyon<rel>twinned administrative body<obj>Łódź', '<subj>Lyon<rel>twinned administrative body<obj>Milan']","The Museum of Fine Arts of Lyon is located in the 1st arrondissement of Lyon, France. The museum is located in the administrative territorial entity of Lyon, which is twinned with the administrative body of Łódź, Poland, and Milan, Italy.","""The Museum of Fine Arts of Lyon is located in the 1st arrondissement of Lyon, France. It is also located in the administrative territorial entity of Lyon, which is twinned with the administrative body of Łódź, Poland. Additionally, Lyon is twinned with the administrative body of Milan, Italy.""",'The Museum of Fine Arts of Lyon is located in the 1st arrondissement of Lyon. The museum is also located in the administrative territorial entity of Lyon. Lyon is twinned with the administrative body of Łódź and Milan. #MuseumOfFineArtsOfLyon #Lyon #Łódź #Milan',"{'Łódź', 'Milan', 'Lyon', 'twinned administrative body', '1st arrondissement of Lyon', 'located in the administrative territorial entity', 'Museum of Fine Arts of Lyon'}",0.8571428571428571,0.8571428571428571,0.8571428571428571
"['<subj>Ich_bin_ein_Berliner<rel>different from<obj>Tear_down_this_wall!', '<subj>Tear_down_this_wall!<rel>main subject<obj>Berlin_Wall', '<subj>Tear_down_this_wall!<rel>author<obj>Ronald_Reagan', '<subj>Tear_down_this_wall!<rel>different from<obj>Ich_bin_ein_Berliner', '<subj>Tear_down_this_wall!<rel>location<obj>Brandenburg_Gate', '<subj>Ronald_Reagan<rel>country of citizenship<obj>United_States', '<subj>Ronald_Reagan<rel>place of death<obj>Bel_Air,_Los_Angeles']","The Berlin Wall was a barrier constructed by the German Democratic Republic (GDR, East Germany) starting on 13 August 1961, that completely cut off (by land) West Berlin from surrounding East Germany and from East Berlin. The barrier included guard towers placed along large concrete walls, which circumscribed a wide area (later known as the ""death strip"") that contained anti-vehicle trenches, ""fakir beds"" and","""Ich bin ein Berliner"" is a phrase that was used by President John F. Kennedy in a speech he gave in West Berlin on June 26, 1963. The phrase is a translation of the English phrase ""I am a Berliner."" The phrase is often used to refer to the Berlin Wall, which was built by the East German government in 1961 to prevent people from escaping to the West. The phrase is also used to refer to the Berlin","'Tear down this wall! is a famous speech by Ronald Reagan, the 40th President of the United States, at the Brandenburg Gate in West Berlin on June 12, 1987. The speech is considered one of the most iconic moments of the Cold War. The speech was a call for the Soviet Union to tear down the Berlin Wall, which had divided the city of Berlin since 1961. The speech was a powerful symbol","{'place of death', 'Tear down this wall!', 'location', 'Ronald Reagan', 'Bel Air, Los Angeles', 'different from', 'Berlin Wall', 'United States', 'author', 'Brandenburg Gate', 'country of citizenship', 'main subject', 'Ich bin ein Berliner'}",0.07692307692307693,0.15384615384615385,0.38461538461538464
"['<subj>Hydrogen<rel>discoverer or inventor<obj>Henry_Cavendish', '<subj>Hydrogen<rel>different from<obj>Hydrogen_atom']","Hydrogen is a chemical element with the symbol H and atomic number 1. It is the lightest and most abundant element in the universe, making up about 75% of the mass of the universe and about 90% of the atoms. It is a colorless, odorless, tasteless, non-toxic, highly flammable diatomic gas. Hydrogen was discovered by Henry Cavendish in 1766, who recognized","'Hydrogen was discovered by Henry Cavendish in 1766. Hydrogen is different from the hydrogen atom, which is a single proton and a single electron.'","'Hydrogen was discovered by Henry Cavendish, but it's different from a Hydrogen atom.'","{'Hydrogen atom', 'different from', 'discoverer or inventor', 'Henry Cavendish', 'Hydrogen'}",0.4,0.8,0.8
"['<subj>Po_(river)<rel>continent<obj>Europe', '<subj>Europe<rel>history of topic<obj>History_of_Europe', '<subj>Europe<rel>located in time zone<obj>Kaliningrad_Time', '<subj>Europe<rel>has part<obj>Eastern_Europe']","Europe is a continent located in the Northern Hemisphere and mostly in the Eastern Hemisphere. It is bordered by the Arctic Ocean to the north, the Atlantic Ocean to the west, and the Mediterranean Sea to the south. It is the second-smallest continent by area, with an area of 10,180,000 square kilometres (3,930,000 sq mi). The history of Europe covers the people inhabiting","'Europe is a continent located in Eastern Europe. It has a rich history, including the Kaliningrad Time zone. The Po river is also located in Europe.'","'Po_(river) is a river in Europe. The continent of Europe has a rich history, dating back to the ancient Greeks and Romans. Europe is located in the Kaliningrad Time Zone, which is two hours ahead of Greenwich Mean Time. Eastern Europe is a region of Europe that includes countries such as Poland, Hungary, and Romania.'","{'Po (river)', 'Kaliningrad Time', 'has part', 'continent', 'History of Europe', 'Eastern Europe', 'located in time zone', 'Europe', 'history of topic'}",0.3333333333333333,0.4444444444444444,0.5555555555555556
"['<subj>Vanadium<rel>instance of<obj>Metal', '<subj>Metal<rel>subclass of<obj>Material', '<subj>Metal<rel>subclass of<obj>Alloy']",Vanadium is an instance of the metal class. Metals are a subclass of materials and alloys.,"Vanadium is a metal, which is a subclass of material. Metal is a subclass of alloy.","Vanadium is an instance of Metal, which is a subclass of Material and Alloy.","{'Metal', 'Alloy', 'Vanadium', 'Material', 'instance of', 'subclass of'}",1.0,0.8333333333333334,1.0
"['<subj>Astrobiology<rel>subclass of<obj>Astronomy', '<subj>Astronomy<rel>history of topic<obj>History_of_astronomy', '<subj>Astronomy<rel>subclass of<obj>Outline_of_physical_science']","Astrobiology is a subfield of astronomy that studies the origin, evolution, distribution, and future of life in the universe. It is an interdisciplinary field that combines aspects of astronomy, biology, chemistry, and geology to understand the conditions and processes that lead to the emergence and evolution of life on Earth and other planets.
The history of astronomy dates back to ancient civilizations, such as the Babylonians, Egypt",'Astrobiology is a subfield of astronomy. The history of astronomy is a topic in the history of science. Astronomy is a subfield of physical science.',"'Astrobiology is a subfield of astronomy that studies the origins, evolution, distribution, and future of life in the universe. The history of astronomy dates back to ancient times, with the earliest recorded observations of the night sky dating back to the Babylonians. Astronomy is a branch of physical science that studies celestial objects and phenomena, including the sun, moon, planets, stars, galaxies, and the universe as a whole.'","{'Astrobiology', 'Astronomy', 'History of astronomy', 'subclass of', 'Outline of physical science', 'history of topic'}",0.5,0.5,0.5
"['<subj>Paul_Otlet<rel>occupation<obj>Lawyer', '<subj>Paul_Otlet<rel>occupation<obj>Writer', '<subj>Paul_Otlet<rel>occupation<obj>Librarian']","Paul Otlet was a lawyer, writer, and librarian. He was born in Brussels, Belgium in 1868 and died in 1944. He is best known for his work in the field of documentation and information science.","Paul Otlet was a lawyer, writer, and librarian.","Paul Otlet was a lawyer, writer, and librarian.","{'Librarian', 'occupation', 'Writer', 'Lawyer', 'Paul Otlet'}",0.8,0.8,0.8
"['<subj>Germany<rel>located in or next to body of water<obj>Baltic_Sea', '<subj>Baltic_Sea<rel>basin country<obj>Germany', '<subj>Baltic_Sea<rel>basin country<obj>Russia', '<subj>Baltic_Sea<rel>basin country<obj>Finland']","The Baltic Sea is a sea located in Northern Europe, bounded by the Scandinavian Peninsula, the mainland of Europe, and the Danish islands. It is connected to the North Sea by the Skagerrak and Kattegat straits, and to the White Sea by the Gulf of Bothnia. The Baltic Sea is bordered by the countries of Denmark, Estonia, Finland, Germany, Latvia, Lithuania, Poland, Russia,","""Germany is located in or next to the Baltic Sea. The Baltic Sea is a body of water that is located in or next to Germany. The Baltic Sea is also located in or next to Russia and Finland. These countries are all basin countries of the Baltic Sea.""","Germany is located in or next to the Baltic Sea, which is also a basin country for Russia and Finland.","{'Finland', 'Baltic Sea', 'located in or next to body of water', 'Germany', 'Russia', 'basin country'}",0.6666666666666666,0.6666666666666666,0.8333333333333334
"['<subj>World_War_II<rel>instance of<obj>World_war', '<subj>World_War_II<rel>has cause<obj>Adolf_Hitler', '<subj>World_War_II<rel>has cause<obj>Causes_of_World_War_II', '<subj>World_War_II<rel>has cause<obj>Treaty_of_Versailles']","World War II was a global war that lasted from 1939 to 1945. It involved the vast majority of the world's countries, including all of the great powers, eventually forming two opposing military alliances: the Allies and the Axis. It was the most widespread war in history, and directly involved more than 100 million people from over 30 countries. In a state of total war, the major participants","'World War II was a global war that lasted from 1939 to 1945. It was the largest and deadliest conflict in human history, with over 70 million people killed. The war was fought between the Allied Powers, led by the United States, the United Kingdom, and the Soviet Union, and the Axis Powers, led by Germany, Italy, and Japan. The war began with the invasion of Poland by Germany in September","World War II was an instance of World War. It had causes like Adolf Hitler, Causes of World War II, and Treaty of Versailles. #WWII #History #AdolfHitler #TreatyOfVersailles","{'World war', 'Treaty of Versailles', 'Causes of World War II', 'Adolf Hitler', 'instance of', 'World War II', 'has cause'}",0.2857142857142857,0.2857142857142857,0.8571428571428571
"['<subj>Tours<rel>instance of<obj>Communes_of_France', '<subj>Tours<rel>shares border with<obj>La_Riche', '<subj>Tours<rel>shares border with<obj>Joué-lès-Tours', '<subj>Joué-lès-Tours<rel>twinned administrative body<obj>Santa_Maria_da_Feira']","Tours is a commune in the Indre-et-Loire department in central France. It is the capital of the department and the largest city in the Centre-Val de Loire region. The city is located on the Loire River, about 170 kilometres (110 mi) southwest of Paris.
Tours is a major administrative and cultural centre. It is the seat of the prefecture of the Indre-et-Loire department and the seat","'Tours is a commune in the Indre-et-Loire department in central France. It is located in the Loire Valley, on the left bank of the Loire River, about 200 kilometers (120 miles) southwest of Paris. The city is the capital of the department and the seat of the prefecture of the Indre-et-Loire department. Tours is also the seat of the Roman Catholic Archdiocese of T","'Tours is a commune in the Indre-et-Loire department in central France. It is located on the Loire River, about 200 kilometers (120 miles) southwest of Paris. The city has a population of about 140,000 people. Tours is twinned with the Portuguese city of Santa Maria da Feira. Tours is a popular tourist destination, and is known for its many historical landmarks, including","{'Communes of France', 'Tours', 'Joué-lès-Tours', 'La Riche', 'instance of', 'twinned administrative body', 'Santa Maria da Feira', 'shares border with'}",0.125,0.125,0.25
"['<subj>Groningen<rel>twinned administrative body<obj>Kaliningrad', '<subj>Kaliningrad<rel>contains administrative territorial entity<obj>Leningradsky_Administrative_District,_Kaliningrad']","Groningen is a city and municipality in the Netherlands. It is the capital of the province of Groningen and the largest city in the north of the Netherlands. The city has a population of 197,823 and an area of 111.81 km2 (43.17 sq mi).
Kaliningrad is a city and the administrative center of Kaliningrad Oblast, Russia. It is located on the Pregol","'Groningen is twinned with Kaliningrad, which contains the Leningradsky Administrative District.'","'Groningen is twinned with Kaliningrad, which contains Leningradsky Administrative District. #Groningen #Kaliningrad #Leningradsky'","{'contains administrative territorial entity', 'Kaliningrad', 'twinned administrative body', 'Leningradsky Administrative District, Kaliningrad', 'Groningen'}",0.4,0.4,0.4
"['<subj>Charles_Baudelaire<rel>influenced by<obj>Edgar_Allan_Poe', '<subj>Edgar_Allan_Poe<rel>place of birth<obj>Boston']",Charles Baudelaire was influenced by Edgar Allan Poe. Edgar Allan Poe was born in Boston.,"""Charles Baudelaire was influenced by Edgar Allan Poe. Edgar Allan Poe was born in Boston.""","""Charles Baudelaire was influenced by Edgar Allan Poe. Poe was born in Boston.""","{'Charles Baudelaire', 'place of birth', 'Edgar Allan Poe', 'influenced by', 'Boston'}",0.8,0.8,0.8
"['<subj>Solar_System<rel>parent astronomical body<obj>Sagittarius_A*', '<subj>Sagittarius_A*<rel>discoverer or inventor<obj>Robert_Hanbury_Brown', '<subj>Robert_Hanbury_Brown<rel>occupation<obj>Physicist', '<subj>Physicist<rel>instance of<obj>Profession', '<subj>Physicist<rel>field of this occupation<obj>Physics']","The Solar System is the parent astronomical body of Sagittarius A*, which was discovered by Robert Hanbury Brown. Robert Hanbury Brown is a physicist, which is an instance of the profession of physics.","""Sagittarius A* is the parent astronomical body of the Solar System. It was discovered by Robert Hanbury Brown, who is a physicist. A physicist is an occupation that is an instance of the profession of physics.""","'Solar System is the parent astronomical body of Sagittarius A*, which was discovered by Robert Hanbury Brown, who is a physicist by profession and works in the field of physics.'","{'Sagittarius A*', 'Robert Hanbury Brown', 'parent astronomical body', 'Solar System', 'occupation', 'Physics', 'discoverer or inventor', 'instance of', 'field of this occupation', 'Profession', 'Physicist'}",0.7272727272727273,0.8181818181818182,0.6363636363636364
"['<subj>Fungus<rel>Code of nomenclature<obj>International_Code_of_Nomenclature_for_algae,_fungi,_and_plants', '<subj>Fungus<rel>taxon rank<obj>Kingdom_(biology)', '<subj>Fungus<rel>parent taxon<obj>Holomycota', '<subj>Holomycota<rel>instance of<obj>Clade', '<subj>Fungus<rel>instance of<obj>Taxon']","Fungi are a kingdom of eukaryotic organisms that include mushrooms, yeasts, and molds. They are classified as a separate kingdom from plants and animals, and are the largest and most diverse group of eukaryotic organisms. Fungi are classified according to the International Code of Nomenclature for algae, fungi, and plants, which is a set of rules and guidelines for naming and classifying these organisms","'Fungi are a kingdom of eukaryotic organisms that includes mushrooms, yeasts, and molds. They are classified as a separate kingdom from plants and animals, and are the largest group of eukaryotic organisms after animals. Fungi are classified according to the International Code of Nomenclature for algae, fungi, and plants, and are considered to be a separate kingdom from plants and animals. Fungi are also class","Fungus is a kingdom of organisms that includes mushrooms, molds, and yeasts. It is a diverse group of organisms that play important roles in ecosystems and are used in various industries.","{'Fungus', 'parent taxon', 'International Code of Nomenclature for algae, fungi, and plants', 'Clade', 'Kingdom (biology)', 'Holomycota', 'Taxon', 'instance of', 'taxon rank', 'Code of nomenclature'}",0.2,0.2,0.1
"['<subj>George_Washington<rel>father<obj>Augustine_Washington', '<subj>Augustine_Washington<rel>child<obj>Betty_Washington_Lewis']",George Washington was the father of Augustine Washington. Augustine Washington was the child of Betty Washington Lewis.,'George Washington is the father of Augustine Washington. Augustine Washington is the child of Betty Washington Lewis.','George Washington was the father of Augustine Washington. Augustine Washington was the child of Betty Washington Lewis.',"{'George Washington', 'Betty Washington Lewis', 'Augustine Washington', 'child', 'father'}",1.0,1.0,1.0
"['<subj>Antarctica<rel>instance of<obj>Continent', '<subj>Antarctica<rel>instance of<obj>Region', '<subj>Antarctica<rel>located in time zone<obj>UTC+07:00', '<subj>Antarctica<rel>located in time zone<obj>UTC+03:00']","Antarctica is a continent located in the southern hemisphere. It is the fifth largest continent in the world, covering an area of approximately 14 million square kilometers. Antarctica is also considered a region, as it is a large geographical area that is distinct from other regions in the world. The continent is located in the UTC+07:00 and UTC+03:00 time zones, which are both in the eastern hemisphere.","""Antarctica is a continent located in the southern hemisphere. It is the coldest, driest, and windiest continent on Earth. It is also the highest continent, with an average elevation of 2,160 meters above sea level. Antarctica is located in the UTC+07:00 and UTC+03:00 time zones.""","Antarctica is a continent located in the Southern Hemisphere, and it is the coldest, driest, and windiest continent on Earth. It is also the highest of all the continents, with an average elevation of about 2,160 meters (7,090 feet) above sea level. Antarctica is the fifth-largest continent in the world, and it is the only continent that is not inhabited by humans. The continent is divided","{'Antarctica', 'Continent', 'UTC+03:00', 'UTC+07:00', 'instance of', 'located in time zone', 'Region'}",0.7142857142857143,0.5714285714285714,0.2857142857142857
"['<subj>Lille<rel>country<obj>France', '<subj>Lille<rel>located in the administrative territorial entity<obj>Arrondissement_of_Lille']","Lille is a city located in the administrative territorial entity of Arrondissement of Lille, which is located in the country of France.",Lille is a city in France. It is located in the administrative territorial entity of Lille.,"Lille is a city in France, located in the administrative territorial entity of Arrondissement of Lille.","{'country', 'France', 'Arrondissement of Lille', 'Lille', 'located in the administrative territorial entity'}",1.0,0.6,0.8
"['<subj>George_W._Bush<rel>religion<obj>United_Methodist_Church', '<subj>United_Methodist_Church<rel>member of<obj>Churches_Uniting_in_Christ', '<subj>United_Methodist_Church<rel>replaces<obj>Evangelical_United_Brethren_Church']","The United Methodist Church is a Christian denomination that traces its roots back to the teachings of John Wesley and the Methodist movement in England. The church was founded in 1968 as a result of the merger of the Evangelical United Brethren Church and the Methodist Church. The United Methodist Church is a member of the World Methodist Council and the National Council of Churches. The church is headquartered in Nashville, Tennessee.","'George W. Bush is a member of the United Methodist Church, which is a member of Churches Uniting in Christ. The United Methodist Church replaced the Evangelical United Brethren Church.'","'George W. Bush is a member of the United Methodist Church, which is a part of the Churches Uniting in Christ. The United Methodist Church replaced the Evangelical United Brethren Church.'","{'member of', 'George W. Bush', 'religion', 'Churches Uniting in Christ', 'United Methodist Church', 'replaces', 'Evangelical United Brethren Church'}",0.42857142857142855,0.7142857142857143,0.7142857142857143
"['<subj>The_Intouchables<rel>production company<obj>Gaumont_Film_Company', '<subj>Gaumont_Film_Company<rel>country<obj>France', '<subj>France<rel>emergency phone number<obj>112_(emergency_telephone_number)', '<subj>112_(emergency_telephone_number)<rel>country<obj>Andorra', '<subj>Gaumont_Film_Company<rel>instance of<obj>Organization', '<subj>Gaumont_Film_Company<rel>headquarters location<obj>Neuilly-sur-Seine', '<subj>Gaumont_Film_Company<rel>headquarters location<obj>Paris', '<subj>Gaumont_Film_Company<rel>founded by<obj>Léon_Gaumont', '<subj>Gaumont_Film_Company<rel>industry<obj>Film_industry']","The Intouchables is a 2011 French buddy comedy-drama film directed by Olivier Nakache and Éric Toledano. It is based on the true story of Philippe Pozzo di Borgo, a French businessman who became a quadriplegic after a paragliding accident. The film was produced by Gaumont Film Company, a French film production and distribution company founded in 1895 by Léon Gaumont. The","The Intouchables is a 2011 French comedy-drama film directed by Olivier Nakache and Éric Toledano. The film is based on the true story of Philippe Pozzo di Borgo, a wealthy French aristocrat who was paralyzed from the neck down in a paragliding accident. The film was produced by Gaumont Film Company, a French film production company founded in 1895 by Léon Gaumont.","'The Intouchables is a French film produced by Gaumont Film Company. Gaumont Film Company is a French film production company founded by Léon Gaumont in 1895. The company is headquartered in Neuilly-sur-Seine, Paris. In case of an emergency in France, you can dial 112 to reach the emergency services.'","{'country', 'headquarters location', 'industry', 'Gaumont Film Company', 'France', 'Léon Gaumont', '112 (emergency telephone number)', 'emergency phone number', 'Organization', 'Neuilly-sur-Seine', 'Film industry', 'instance of', 'founded by', 'Paris', 'The Intouchables', 'Andorra', 'production company'}",0.17647058823529413,0.23529411764705882,0.47058823529411764
"['<subj>Malta<rel>named after<obj>Honey', '<subj>Malta<rel>instance of<obj>Sovereign_state']",Malta is a sovereign state located in the Mediterranean Sea. It is named after the honey that is produced on the island.,'Malta is named after honey. Malta is an instance of a sovereign state.','Malta is named after honey and is an instance of a sovereign state. #Malta #Honey #SovereignState',"{'Malta', 'named after', 'instance of', 'Sovereign state', 'Honey'}",0.8,1.0,1.0
"['<subj>Penis<rel>has part<obj>Foreskin', '<subj>Foreskin<rel>part of<obj>Penis', '<subj>Foreskin<rel>described by source<obj>Brockhaus_and_Efron_Encyclopedic_Dictionary']","The foreskin is a part of the penis that is described by the Brockhaus and Efron Encyclopedic Dictionary. It is a fold of skin that covers the glans penis, the head of the penis. The foreskin is a highly innervated and vascularized structure that is rich in nerve endings and blood vessels. It is an important part of the male anatomy and has a number of functions, including protecting the gl","""The penis has a part called the foreskin. The foreskin is part of the penis. The foreskin is described by the Brockhaus and Efron Encyclopedic Dictionary.""","""The foreskin is a part of the penis, and is described by the Brockhaus and Efron Encyclopedic Dictionary. #penis #foreskin #Brockhaus #Efron #Encyclopedia""","{'has part', 'Penis', 'Foreskin', 'described by source', 'Brockhaus and Efron Encyclopedic Dictionary', 'part of'}",0.6666666666666666,0.6666666666666666,0.6666666666666666
"['<subj>Pioneer_plaque<rel>instance of<obj>Data_storage', '<subj>Data_storage<rel>subclass of<obj>Media_(communication)', '<subj>Media_(communication)<rel>has part<obj>Matter', '<subj>Media_(communication)<rel>used by<obj>Mass_media', '<subj>Matter<rel>has quality<obj>State_of_matter', '<subj>Matter<rel>has quality<obj>Temperature', '<subj>Matter<rel>part of<obj>Observable_universe']",Pioneer plaque is an instance of data storage. Data storage is a subclass of media (communication). Media (communication) has part matter. Media (communication) is used by mass media. Matter has quality state of matter. Matter has quality temperature. Matter is part of observable universe.,"""The Pioneer plaque is a data storage device that is an instance of data storage. Data storage is a subclass of media communication, which has a part called matter. Media communication is used by mass media, which has a quality called state of matter. Matter also has a quality called temperature, and it is part of the observable universe.""",Pioneer plaque is an instance of data storage. Data storage is a subclass of media (communication). Media (communication) has part matter. Media (communication) is used by mass media. Matter has quality state of matter. Matter has quality temperature. Matter is part of observable universe.,"{'has part', 'State of matter', 'Media (communication)', 'Pioneer plaque', 'Mass media', 'used by', 'instance of', 'has quality', 'subclass of', 'Temperature', 'Data storage', 'Observable universe', 'Matter', 'part of'}",1.0,0.7857142857142857,1.0
"['<subj>Champs-Élysées<rel>located in the administrative territorial entity<obj>Paris', '<subj>Champs-Élysées<rel>instance of<obj>Tourist_attraction']",The Champs-Élysées is a tourist attraction located in the administrative territorial entity of Paris.,"""The Champs-Élysées is a famous avenue in Paris, France. It is a popular tourist destination, known for its beautiful architecture and stunning views of the city.""",'Champs-Élysées is a Tourist_attraction located in the administrative territorial entity Paris',"{'Champs-Élysées', 'Tourist attraction', 'instance of', 'Paris', 'located in the administrative territorial entity'}",0.8,0.4,0.8
"['<subj>Wikidata<rel>operator<obj>Wikimedia_Foundation', '<subj>Wikimedia_Foundation<rel>country<obj>United_States', '<subj>United_States<rel>participant in<obj>Atomic_bombings_of_Hiroshima_and_Nagasaki']","'Wikidata is an operator of the Wikimedia Foundation, which is a country of the United States. The United States is a participant in the Atomic bombings of Hiroshima and Nagasaki.'","'Wikidata is operated by the Wikimedia Foundation, which is based in the United States. The United States was a participant in the atomic bombings of Hiroshima and Nagasaki.'","'Wikidata is operated by the Wikimedia Foundation, which is based in the United States. The United States participated in the atomic bombings of Hiroshima and Nagasaki.'","{'country', 'Wikimedia Foundation', 'operator', 'United States', 'Wikidata', 'participant in', 'Atomic bombings of Hiroshima and Nagasaki'}",1.0,0.7142857142857143,0.5714285714285714
"['<subj>Douglas_Adams<rel>instance of<obj>Human', '<subj>Douglas_Adams<rel>occupation<obj>Playwright']","Douglas Adams was an English writer, humorist, and dramatist. He is best known for his Hitchhiker's Guide to the Galaxy series of novels, which have sold over 15 million copies in the English language alone. He was also a scriptwriter for the BBC, and wrote several episodes of the popular science fiction series Doctor Who.",'Douglas Adams was a human playwright. He was a very talented writer and his plays were always very well received. He was also a very funny man and his plays were always very entertaining. He was a very popular playwright and his plays were always very successful. He was a very talented writer and his plays were always very well received. He was also a very funny man and his plays were always very entertaining. He was a very popular play,Douglas Adams is a playwright and a human.,"{'Douglas Adams', 'Playwright', 'occupation', 'Human', 'instance of'}",0.2,0.6,0.6
"['<subj>Prose<rel>described by source<obj>Granat_Encyclopedic_Dictionary', '<subj>Granat_Encyclopedic_Dictionary<rel>instance of<obj>Encyclopedic_dictionary']",Prose is described by source Granat_Encyclopedic_Dictionary. Granat_Encyclopedic_Dictionary is an instance of Encyclopedic_dictionary.,"'Prose was described by the Granat Encyclopedic Dictionary, which is an encyclopedic dictionary.'","'Prose is described by source Granat_Encyclopedic_Dictionary, which is an instance of Encyclopedic_dictionary.'","{'Prose', 'Granat Encyclopedic Dictionary', 'described by source', 'instance of', 'Encyclopedic dictionary'}",1.0,0.6,1.0
"['<subj>Portugal<rel>continent<obj>Europe', '<subj>Europe<rel>history of topic<obj>History_of_Europe', '<subj>Europe<rel>located in time zone<obj>Kaliningrad_Time', '<subj>Europe<rel>has part<obj>Eastern_Europe', '<subj>Eastern_Europe<rel>has part<obj>Poland']","Portugal is a country located in Europe. Europe is a continent with a rich history, including the History of Europe. Europe is located in the Kaliningrad Time Zone. Eastern Europe is a region of Europe that includes countries such as Poland.","""Portugal is a country in Europe. Europe has a long history. Europe is located in the Kaliningrad Time Zone. Eastern Europe is a part of Europe. Poland is a country in Eastern Europe.""",'Portugal is a country in Europe. The continent of Europe has a long and rich history. Europe is located in the Kaliningrad Time Zone. Eastern Europe is a part of Europe. Poland is a country in Eastern Europe.',"{'Kaliningrad Time', 'has part', 'Portugal', 'continent', 'History of Europe', 'Eastern Europe', 'Poland', 'located in time zone', 'Europe', 'history of topic'}",0.7,0.5,0.6
"['<subj>Jack_Bauer<rel>educated at<obj>University_of_California,_Berkeley', '<subj>Jack_Bauer<rel>educated at<obj>Officer_Candidate_School_(United_States_Army)', '<subj>Jack_Bauer<rel>educated at<obj>University_of_California,_Los_Angeles', '<subj>University_of_California,_Los_Angeles<rel>instance of<obj>Campus']","Jack Bauer was educated at the University of California, Berkeley, Officer Candidate School (United States Army), and the University of California, Los Angeles. The University of California, Los Angeles is an instance of a campus.","Jack Bauer was educated at the University of California, Berkeley. He also attended Officer Candidate School in the United States Army. He later went on to study at the University of California, Los Angeles, which is a campus of the University of California system.","Jack Bauer was educated at the University of California, Berkeley, Officer Candidate School (United States Army), and the University of California, Los Angeles. The University of California, Los Angeles is an instance of a campus.","{'Jack Bauer', 'University of California, Berkeley', 'Campus', 'educated at', 'instance of', 'University of California, Los Angeles', 'Officer Candidate School (United States Army)'}",1.0,0.7142857142857143,1.0
['<subj>Hydraulic_ram<rel>described by source<obj>Brockhaus_and_Efron_Encyclopedic_Dictionary'],Hydraulic_ram was described by source Brockhaus_and_Efron_Encyclopedic_Dictionary.,Hydraulic_ram is described by source Brockhaus_and_Efron_Encyclopedic_Dictionary.,Hydraulic_ram is described by source Brockhaus_and_Efron_Encyclopedic_Dictionary.,"{'Hydraulic ram', 'described by source', 'Brockhaus and Efron Encyclopedic Dictionary'}",1.0,1.0,1.0
"['<subj>Oslo<rel>country<obj>Norway', '<subj>Norway<rel>emergency phone number<obj>112_(emergency_telephone_number)', '<subj>Norway<rel>office held by head of government<obj>Prime_Minister_of_Norway']",Norway is a country located in Northern Europe. The capital city of Norway is Oslo. The emergency phone number in Norway is 112. The office held by the head of government in Norway is the Prime Minister of Norway.,"""Oslo is the capital of Norway. Norway's emergency phone number is 112. The Prime Minister of Norway is the head of government.""",'Oslo is the capital of Norway. The emergency phone number in Norway is 112. The Prime Minister of Norway is Erna Solberg.',"{'country', 'office held by head of government', '112 (emergency telephone number)', 'Prime Minister of Norway', 'Oslo', 'Norway', 'emergency phone number'}",0.7142857142857143,0.5714285714285714,0.5714285714285714
"['<subj>Anatomy<rel>part of<obj>Biology', '<subj>Anatomy<rel>part of<obj>Medicine', '<subj>Anatomy<rel>described by source<obj>Brockhaus_and_Efron_Encyclopedic_Dictionary', '<subj>Anatomy<rel>described by source<obj>Encyclopædia_Britannica_Eleventh_Edition', '<subj>Anatomy<rel>described by source<obj>Realencyclopädie_der_classischen_Altertumswissenschaft']","Anatomy is a branch of biology and medicine that deals with the study of the structure of living things. It is described by sources such as the Brockhaus and Efron Encyclopedic Dictionary, the Encyclopædia Britannica Eleventh Edition, and the Realencyclopädie der classischen Altertumswissenschaft.","'Anatomy is part of Biology and Medicine. It is described by the Brockhaus and Efron Encyclopedic Dictionary, the Encyclopædia Britannica Eleventh Edition, and the Realencyclopädie der classischen Altertumswissenschaft.'","Anatomy is the study of the structure of the body. It is a branch of biology and medicine. The study of anatomy is described by sources such as the Brockhaus and Efron Encyclopedic Dictionary, the Encyclopedia Britannica Eleventh Edition, and the Realencyclopädie der classischen Altertumswissenschaft.","{'Anatomy', 'Biology', 'Encyclopædia Britannica Eleventh Edition', 'described by source', 'Brockhaus and Efron Encyclopedic Dictionary', 'part of', 'Medicine', 'Realencyclopädie der classischen Altertumswissenschaft'}",0.875,0.875,0.75
"[""<subj>All_Saints'_Day<rel>described by source<obj>Catholic_Encyclopedia"", '<subj>Catholic_Encyclopedia<rel>instance of<obj>Book_series', '<subj>Catholic_Encyclopedia<rel>genre<obj>Encyclopedia']","All Saints' Day is a feast day celebrated on November 1st in honor of all the saints, both known and unknown. It is described by the Catholic Encyclopedia as ""a solemnity celebrated on the first of November in honor of all the saints, both known and unknown, who have attained heaven."" The Catholic Encyclopedia is a book series that was first published in 1907 and is considered to be a comprehensive reference work on the Catholic faith. It is","""All Saints' Day is described by the Catholic Encyclopedia as a day of solemnity, which is a day of obligation in the Catholic Church. The Catholic Encyclopedia is a book series that is an encyclopedia of the Catholic Church. The Catholic Encyclopedia is a genre of encyclopedia.""","""All Saints' Day is described by source Catholic Encyclopedia. Catholic Encyclopedia is an instance of Book series. Catholic Encyclopedia is a genre of Encyclopedia.""","{'genre', 'Catholic Encyclopedia', 'Book series', 'described by source', 'instance of', 'Encyclopedia', ""All Saints' Day""}",0.5714285714285714,0.7142857142857143,1.0
"['<subj>Bahrain<rel>instance of<obj>Sovereign_state', '<subj>Sovereign_state<rel>subclass of<obj>State_(polity)']",Bahrain is an instance of a sovereign state. A sovereign state is a subclass of a state polity.,Bahrain is a sovereign state. It is a subclass of a state.,"Bahrain is a sovereign state, which is a subclass of a state polity.","{'Bahrain', 'instance of', 'Sovereign state', 'subclass of', 'State (polity)'}",0.8,0.6,0.6
"['<subj>Planet<rel>subclass of<obj>Substellar_object', '<subj>Planet<rel>parent astronomical body<obj>Star_system', '<subj>Star_system<rel>subclass of<obj>Astronomical_object', '<subj>Star_system<rel>child astronomical body<obj>Planet', '<subj>Star_system<rel>different from<obj>Planetary_system']","Planets are a subclass of substellar objects, which are objects that are not massive enough to sustain nuclear fusion in their cores. Planets are also the parent astronomical body of a star system, which is a group of objects that orbit a star. Star systems are a subclass of astronomical objects, which are objects in space that can be observed from Earth. Star systems have planets as their child astronomical bodies, which are objects that orbit the star in the center of the system","'A planet is a sub-stellar object that orbits a star. A star system is a group of stars that are gravitationally bound to each other. A star system is a subclass of an astronomical object, which is a celestial body that is not a planet. A star system is different from a planetary system, which is a group of planets that orbit a star.'","'Planet is a subclass of Substellar_object, a parent astronomical body of Star_system, a subclass of Astronomical_object, a child astronomical body of Planet, and different from Planetary_system.'","{'Astronomical object', 'child astronomical body', 'Star system', 'Planetary system', 'parent astronomical body', 'Substellar object', 'different from', 'Planet', 'subclass of'}",0.6666666666666666,0.6666666666666666,1.0
"['<subj>Flower<rel>different from<obj>Malva', '<subj>Flower<rel>described by source<obj>Brockhaus_and_Efron_Encyclopedic_Dictionary', '<subj>Malva<rel>different from<obj>Flower', '<subj>Flower<rel>described by source<obj>Encyclopædia_Britannica_Eleventh_Edition', '<subj>Flower<rel>use<obj>Plant_reproduction', '<subj>Flower<rel>part of<obj>Shoot']",Flower is a plant that is different from Malva. It is described by source Brockhaus and Efron Encyclopedic Dictionary. Malva is different from Flower. Flower is described by source Encyclopædia Britannica Eleventh Edition. Flower is used for plant reproduction. Flower is part of shoot.,"""Well, I think that the flower is different from the malva. It's described by the Brockhaus and Efron Encyclopedic Dictionary, and it's different from the malva. It's also described by the Encyclopædia Britannica Eleventh Edition, and it's used for plant reproduction. It's also part of the shoot.""","""Flower is different from Malva. Flower is described by source Brockhaus_and_Efron_Encyclopedic_Dictionary. Malva is different from Flower. Flower is described by source Encyclopædia_Britannica_Eleventh_Edition. Flower is used for Plant_reproduction. Flower is part of Shoot.""","{'Shoot', 'use', 'Flower', 'different from', 'Encyclopædia Britannica Eleventh Edition', 'described by source', 'Brockhaus and Efron Encyclopedic Dictionary', 'Plant reproduction', 'part of', 'Malva'}",1.0,0.9,1.0
"['<subj>Right_angle<rel>facet of<obj>Perpendicular', '<subj>Right_angle<rel>part of<obj>Right_triangle', '<subj>Right_angle<rel>subclass of<obj>Angle']","Right angles are a facet of perpendiculars, a part of right triangles, and a subclass of angles.",'A right angle is a facet of a perpendicular. A right angle is a part of a right triangle. A right angle is a subclass of an angle.',"'Right angle is a facet of perpendicular, part of right triangle, and subclass of angle. #geometry #math #rightangle'","{'Perpendicular', 'Right angle', 'Angle', 'subclass of', 'Right triangle', 'part of', 'facet of'}",1.0,1.0,1.0
"['<subj>November<rel>named after<obj>9', '<subj>November<rel>named after<obj>Ahmad_Sanjar', '<subj>November<rel>named after<obj>Animal_slaughter']","November is the eleventh month of the year in the Julian and Gregorian calendars, the fourth and last of four months to have a length of 30 days, and the fifth and last of five months to have a length of more than 29 days. November was the second month of the ancient Roman calendar, following October and preceding December. Its name is derived from the Latin novem, meaning ""nine"", because in the Roman calendar November was the ninth","'November is named after the 9th month of the year. It is also named after Ahmad Sanjar, the 12th-century ruler of the Seljuk Empire. In some cultures, November is named after the animal slaughter that takes place during this month.'","'November is named after the 9th month of the year in the Roman calendar. It is also named after Ahmad Sanjar, the 11th-century Persian ruler, and animal slaughter, which is a common practice in many cultures during this month.'","{'9', 'named after', 'Ahmad Sanjar', 'Animal slaughter', 'November'}",0.4,1.0,1.0
"['<subj>English_Wikipedia<rel>language of work or name<obj>English_language', '<subj>English_language<rel>uses capitalization for<obj>Demonym', '<subj>English_language<rel>uses capitalization for<obj>Religion', '<subj>English_language<rel>uses capitalization for<obj>Religious_denomination', '<subj>English_language<rel>linguistic typology<obj>Subject–verb–object']","English is a West Germanic language that was first spoken in early medieval England and is now a global lingua franca. It is an official language of almost 60 sovereign states, the most commonly spoken language in the United Kingdom, the United States, Canada, Australia, Ireland, and New Zealand, and a widely spoken language in countries in the Caribbean, Africa, and South Asia. It is the third most common native language in the world, after Mandarin and Spanish","""English Wikipedia is written in the English language. English uses capitalization for demonyms, religions, religious denominations, and linguistic typology. English is a subject-verb-object language.""","'English Wikipedia is written in the English language. The English language uses capitalization for demonyms, religions, religious denominations, and linguistic typology.'","{'Subject–verb–object', 'linguistic typology', 'English language', 'Demonym', 'English Wikipedia', 'Religion', 'language of work or name', 'uses capitalization for', 'Religious denomination'}",0.0,0.7777777777777778,0.7777777777777778
"[""<subj>China<rel>central bank<obj>People's_Bank_of_China"", '<subj>China<rel>diplomatic relation<obj>United_States', '<subj>United_States<rel>participant in<obj>Atomic_bombings_of_Hiroshima_and_Nagasaki']","China's central bank, the People's Bank of China, is the central bank of the People's Republic of China. It is responsible for the issuance of the renminbi, the Chinese currency. The bank is also responsible for the regulation and supervision of the country's financial system.
China has a diplomatic relationship with the United States. The two countries have a long history of cooperation and competition, and their relationship is complex and multifacet","""China's central bank, the People's Bank of China, has a diplomatic relationship with the United States. The United States is a participant in the atomic bombings of Hiroshima and Nagasaki.""","'China's central bank, the People's Bank of China, has a diplomatic relationship with the United States. The United States is a participant in the atomic bombings of Hiroshima and Nagasaki.'","{""People's Bank of China"", 'China', 'United States', 'diplomatic relation', 'central bank', 'participant in', 'Atomic bombings of Hiroshima and Nagasaki'}",0.7142857142857143,1.0,1.0
"['<subj>Neil_Young<rel>occupation<obj>Film_director', '<subj>Film_director<rel>instance of<obj>Profession', '<subj>Profession<rel>practiced by<obj>Professional']",Neil Young is a film director. Film directors are professionals who practice the profession of film directing.,'Neil Young is a film director. He is a professional. He is a professional who practices his profession. He is a professional who practices his profession as a film director.',"""Neil Young is a film director. He is a professional who practices his profession. #film #director #professional""","{'Neil Young', 'occupation', 'practiced by', 'Film director', 'instance of', 'Professional', 'Profession'}",0.5714285714285714,0.5714285714285714,0.5714285714285714
"['<subj>Zoology<rel>part of<obj>Biology', '<subj>Zoology<rel>instance of<obj>Academic_discipline', '<subj>Academic_discipline<rel>said to be the same as<obj>Branches_of_science', '<subj>Zoology<rel>described by source<obj>Brockhaus_and_Efron_Encyclopedic_Dictionary', '<subj>Brockhaus_and_Efron_Encyclopedic_Dictionary<rel>genre<obj>Encyclopedia']","Zoology is a branch of biology that studies the animal kingdom, including the structure, function, behavior, and evolution of animals. It is a broad field that encompasses many sub-disciplines, such as ecology, physiology, and evolutionary biology. Zoology is an important academic discipline that contributes to our understanding of the natural world and the role of animals in it.","""Zoology is a part of biology. It is an academic discipline that is the same as branches of science. It is described by the Brockhaus and Efron Encyclopedic Dictionary, which is a genre of encyclopedia.""","Zoology is a branch of biology that studies the animal kingdom. It is a vast field that encompasses the study of animal behavior, physiology, evolution, and ecology. Zoology is a fascinating subject that has been studied for centuries, and it continues to be an important area of research today.","{'genre', 'said to be the same as', 'Biology', 'Branches of science', 'instance of', 'described by source', 'Brockhaus and Efron Encyclopedic Dictionary', 'Encyclopedia', 'Academic discipline', 'Zoology', 'part of'}",0.2727272727272727,0.7272727272727273,0.18181818181818182
"['<subj>Computer<rel>has part<obj>Computer_hardware', '<subj>Computer_hardware<rel>part of<obj>Computer']",Computer hardware is a part of a computer.,'Computer hardware is a part of a computer. A computer has computer hardware.',Computer has part Computer_hardware. Computer_hardware is part of Computer.,"{'Computer hardware', 'part of', 'has part', 'Computer'}",0.75,0.75,1.0
"['<subj>Pierre_Corneille<rel>occupation<obj>Poet', '<subj>Pierre_Corneille<rel>occupation<obj>Playwright', '<subj>Pierre_Corneille<rel>place of birth<obj>Rouen', '<subj>Rouen<rel>twinned administrative body<obj>Salerno', '<subj>Poet<rel>subclass of<obj>Writer', '<subj>Writer<rel>subclass of<obj>Author']","Pierre Corneille was a French poet and playwright who was born in Rouen, France. Rouen is twinned with the Italian city of Salerno. Poet is a subclass of Writer, and Writer is a subclass of Author.","""Pierre Corneille was a French poet and playwright who was born in Rouen. Rouen is twinned with Salerno, which is a city in Italy. Poets are a subclass of writers, and writers are a subclass of authors.""
The prompt is a list of triples, where each triple consists of a subject, relation, and object. The model is expected to generate a dialogue based on the information provided in the triples. The generated dialogue should include","'Pierre Corneille is a poet and playwright from Rouen, France. He is known for his works such as ""Le Cid"" and ""Horace"". He was born in Rouen, which is twinned with Salerno, Italy. He is considered one of the greatest French dramatists of all time. #FrenchLiterature #PierreCorneille'","{'Author', 'Salerno', 'Poet', 'Playwright', 'place of birth', 'occupation', 'Pierre Corneille', 'subclass of', 'twinned administrative body', 'Writer', 'Rouen'}",0.7272727272727273,0.7272727272727273,0.45454545454545453
"['<subj>Chlorine<rel>subclass of<obj>Halogen', '<subj>Chlorine<rel>described by source<obj>The_Nuttall_Encyclopædia']","Chlorine is a chemical element with the symbol Cl and atomic number 17. It is a halogen, which means it is in the same group as fluorine, bromine, and iodine. Chlorine is a yellow-green gas at room temperature and pressure, and it is a powerful oxidizing agent. It is used in many industrial processes, including the production of bleach, disinfectants, and plastics. Chlorine is","""Chlorine is a subclass of halogen. It is described by the source The Nuttall Encyclopædia.""","Chlorine is a chemical element with symbol Cl and atomic number 17. It is a halogen, found in the periodic table in group 17. Chlorine is a yellow-green gas at room temperature. It is a powerful oxidizing agent and is used in many industrial and household products. Chlorine is also used in the production of chlorinated solvents, which are used in the production of plastics, paints, and other products","{'Chlorine', 'The Nuttall Encyclopædia', 'described by source', 'subclass of', 'Halogen'}",0.4,0.8,0.4
"['<subj>Yorkshire<rel>country<obj>United_Kingdom', '<subj>United_Kingdom<rel>participant in<obj>Battle_of_Carillon', '<subj>United_Kingdom<rel>participant in<obj>Battle_of_the_Lys_(1918)', '<subj>Battle_of_the_Lys_(1918)<rel>instance of<obj>Battle']","The Battle of the Lys (1918) was a battle fought between the United Kingdom and the German Empire during World War I. The battle took place in the Lys region of Belgium, and was part of the larger Spring Offensive launched by the Germans in an attempt to break the stalemate on the Western Front. The United Kingdom was a participant in the battle, and was one of the Allied Powers that fought against the Central Powers during the war",'Yorkshire is a county in the United Kingdom. The United Kingdom was a participant in the Battle of Carillon and the Battle of the Lys. The Battle of the Lys was an instance of a battle.','Yorkshire is a country in the United Kingdom. The United Kingdom participated in the Battle of Carillon and the Battle of the Lys (1918). The Battle of the Lys (1918) was an instance of a battle.',"{'country', 'United Kingdom', 'Yorkshire', 'Battle of the Lys (1918)', 'instance of', 'Battle', 'Battle of Carillon', 'participant in'}",0.5,0.75,0.875
"['<subj>Mount_Vesuvius<rel>instance of<obj>Stratovolcano', '<subj>Stratovolcano<rel>subclass of<obj>Volcano']","Mount Vesuvius is an instance of a stratovolcano, which is a subclass of volcano. A stratovolcano is a type of volcano that is characterized by a steep, conical shape and is composed of alternating layers of lava and ash. Volcanoes are geological features that are formed by the eruption of molten rock, ash, and gases from the Earth's crust.","Mount Vesuvius is a stratovolcano, which is a type of volcano.","'Mount Vesuvius is a stratovolcano, a type of volcano that is characterized by alternating layers of lava and ash. Stratovolcanoes are a subclass of volcanoes, which are geological features that form when magma from the Earth's interior rises to the surface and erupts.'","{'Volcano', 'instance of', 'subclass of', 'Mount Vesuvius', 'Stratovolcano'}",1.0,0.6,0.8
